,index,PT_oxide,formula,space_group,E_hi_sym_bulk,n_bulk_hi_sym,n_bulk,E_rattle_bulk,rattle_txt,hi_sym_vac,hi_sym_vac_BD,E_hi_sym_vac,bandgap_hi_sym_vac,rattle_vac_site,rattle_vac_BD,E_rattle_vac,bandgap_rattle_vac,MP_ehull,MP_Eg,vac_rerun,E_vac_rerun,Unnamed: 20,E_hs_transformed,E_rb_transformed,vacancy_formation_energy,Eg,bulk,site,group,poscar_name,E_vac_min,minimum
0,1,alkaline_earth_metal_oxides,SrO,Fm-3m,,,48.0,-27.05606269,,,,,,s1_0,50.0%,-1285.79098999,1.1262,0.0,3.2748,True,-1285.82981181,,,-1298.69100912,6.93071724000008,1.1262,rattle,s1_0,SrO_Fm-3m_s1_0,alkaline_earth_metal_oxides_SrO_Fm-3m,-1285.79098999,True
1,2,alkaline_earth_metal_oxides,SrO,Fm-3m,,,48.0,-27.05606269,,,,,,s1_0,50.0%,-1285.79098999,1.1262,0.0,3.2748,,,,,-1298.69100912,6.969539059999919,1.1262,rattle,s1_0,SrO_Fm-3m_s1_0,alkaline_earth_metal_oxides_SrO_Fm-3m,-1285.79098999,True
21,23,alkaline_earth_metal_oxides,MgO,Fm-3m,,,80.0,-16.1257185,,,,,,s1_0,-40.0%,-1276.50764355,3.0813999999999995,0.0,4.4292,True,-1276.71313828,,,-1290.0574800000002,7.413861650000102,3.0813999999999995,rattle,s1_0,MgO_Fm-3m_s1_0,alkaline_earth_metal_oxides_MgO_Fm-3m,-1276.50764355,True
22,24,alkaline_earth_metal_oxides,MgO,Fm-3m,,,80.0,-16.1257185,,,,,,s1_0,-40.0%,-1276.50764355,3.0813999999999995,0.0,4.4292,,,,,-1290.0574800000002,7.619356380000157,3.0813999999999995,rattle,s1_0,MgO_Fm-3m_s1_0,alkaline_earth_metal_oxides_MgO_Fm-3m,-1276.50764355,True
35,38,alkaline_earth_metal_oxides,CaO,Cmce,,,13.0,-75.73063326,,,,,,s6_0,-40.0%,-972.43534879,0.8940999999999999,0.2097698550000002,2.0869,True,-972.55942849,,,-984.4982323800001,6.008323820000145,0.8940999999999999,rattle,s6_0,CaO_Cmce_s6_0,alkaline_earth_metal_oxides_CaO_Cmce,-972.43534879,True
36,39,alkaline_earth_metal_oxides,CaO,Cmce,,,13.0,-75.73063326,,,,,,s6_0,-40.0%,-972.43534879,0.8940999999999999,0.2097698550000002,2.0869,,,,,-984.4982323800001,6.13240352000007,0.8940999999999999,rattle,s6_0,CaO_Cmce_s6_0,alkaline_earth_metal_oxides_CaO_Cmce,-972.43534879,True
52,55,alkaline_earth_metal_oxides,CaO,Cmce,,,13.0,-75.73063326,,,,,,s4_0,-60.0%,-972.44195682,0.6704000000000001,0.2097698550000002,2.0869,True,-972.56200407,,,-984.4982323800001,6.005748240000161,0.6704000000000001,rattle,s4_0,CaO_Cmce_s4_0,alkaline_earth_metal_oxides_CaO_Cmce,-972.44195682,True
53,56,alkaline_earth_metal_oxides,CaO,Cmce,,,13.0,-75.73063326,,,,,,s4_0,-60.0%,-972.44195682,0.6704000000000001,0.2097698550000002,2.0869,,,,,-984.4982323800001,6.125795490000131,0.6704000000000001,rattle,s4_0,CaO_Cmce_s4_0,alkaline_earth_metal_oxides_CaO_Cmce,-972.44195682,True
67,71,alkaline_earth_metal_oxides,BaO,P4__nmm,,,27.0,-75.11705854,,,,,,s2_0,20.0%,-2026.80462278,0.4505999999999996,0.1316646424999996,2.7678000000000003,True,-2026.65792493,,,-2028.16058058,-4.427824420000048,0.4505999999999996,rattle,s2_0,BaO_P4__nmm_s2_0,alkaline_earth_metal_oxides_BaO_P4__nmm,-2026.80462278,True
68,72,alkaline_earth_metal_oxides,BaO,P4__nmm,,,27.0,-75.11705854,,,,,,s2_0,20.0%,-2026.80462278,0.4505999999999996,0.1316646424999996,2.7678000000000003,,,,,-2028.16058058,-4.574522270000058,0.4505999999999996,rattle,s2_0,BaO_P4__nmm_s2_0,alkaline_earth_metal_oxides_BaO_P4__nmm,-2026.80462278,True
71,76,alkaline_earth_metal_oxides,BeO,Fm-3m,,,96.0,-16.29098091,,,,,,s1_0,60.0%,-1549.74659251,5.200200000000001,0.4814747275000002,8.1681,True,-1549.94631126,,,-1563.9341673599997,8.057376029999817,5.200200000000001,rattle,s1_0,BeO_Fm-3m_s1_0,alkaline_earth_metal_oxides_BeO_Fm-3m,-1549.74659251,True
72,77,alkaline_earth_metal_oxides,BeO,Fm-3m,,,96.0,-16.29098091,,,,,,s1_0,60.0%,-1549.74659251,5.200200000000001,0.4814747275000002,8.1681,,,,,-1563.9341673599997,8.257094779999692,5.200200000000001,rattle,s1_0,BeO_Fm-3m_s1_0,alkaline_earth_metal_oxides_BeO_Fm-3m,-1549.74659251,True
94,100,alkaline_earth_metal_oxides,BeO,P6_3mc,,,60.0,-32.61210132,,,,,,s2_0,-60.0%,-1942.45593351,5.8189,0.0,7.463900000000001,True,-1942.69050454,,,-1956.7260792,8.105094590000066,5.8189,rattle,s2_0,BeO_P6_3mc_s2_0,alkaline_earth_metal_oxides_BeO_P6_3mc,-1942.45593351,True
95,101,alkaline_earth_metal_oxides,BeO,P6_3mc,,,60.0,-32.61210132,,,,,,s2_0,-60.0%,-1942.45593351,5.8189,0.0,7.463900000000001,,,,,-1956.7260792,8.339665619999936,5.8189,rattle,s2_0,BeO_P6_3mc_s2_0,alkaline_earth_metal_oxides_BeO_P6_3mc,-1942.45593351,True
104,111,alkaline_earth_metal_oxides,BaO,P6_3__mmc,,,24.0,-75.57975451,,,,,,s2_0,30.0%,-1802.05000891,0.4712999999999994,0.0257656074999994,2.3602000000000003,True,-1801.90498257,,,-1813.9141082400001,6.078645600000231,0.4712999999999994,rattle,s2_0,BaO_P6_3__mmc_s2_0,alkaline_earth_metal_oxides_BaO_P6_3__mmc,-1802.05000891,True
105,112,alkaline_earth_metal_oxides,BaO,P6_3__mmc,,,24.0,-75.57975451,,,,,,s2_0,30.0%,-1802.05000891,0.4712999999999994,0.0257656074999994,2.3602000000000003,,,,,-1813.9141082400001,5.933619260000045,0.4712999999999994,rattle,s2_0,BaO_P6_3__mmc_s2_0,alkaline_earth_metal_oxides_BaO_P6_3__mmc,-1802.05000891,True
118,126,alkaline_earth_metal_oxides,BeO,P4_2__mnm,,,12.0,-65.09929915,,,,,,s4_0,30.0%,-766.77101073,5.6691,0.0117376287499997,7.0846,True,-767.31341883,,,-781.1915898,7.9476908999999285,5.6691,rattle,s4_0,BeO_P4_2__mnm_s4_0,alkaline_earth_metal_oxides_BeO_P4_2__mnm,-766.77101073,True
119,127,alkaline_earth_metal_oxides,BeO,P4_2__mnm,,,12.0,-65.09929915,,,,,,s4_0,30.0%,-766.77101073,5.6691,0.0117376287499997,7.0846,,,,,-781.1915898,8.490099000000031,5.6691,rattle,s4_0,BeO_P4_2__mnm_s4_0,alkaline_earth_metal_oxides_BeO_P4_2__mnm,-766.77101073,True
126,135,alkaline_earth_metal_oxides,CaO,Fm-3m,,,48.0,-19.45423252,,,,,,s1_0,50.0%,-920.38822229,1.0502000000000002,0.0,3.630100000000001,True,-920.52759726,,,-933.80316096,7.345083630000021,1.0502000000000002,rattle,s1_0,CaO_Fm-3m_s1_0,alkaline_earth_metal_oxides_CaO_Fm-3m,-920.38822229,True
127,136,alkaline_earth_metal_oxides,CaO,Fm-3m,,,48.0,-19.45423252,,,,,,s1_0,50.0%,-920.38822229,1.0502000000000002,0.0,3.630100000000001,,,,,-933.80316096,7.48445859999997,1.0502000000000002,rattle,s1_0,CaO_Fm-3m_s1_0,alkaline_earth_metal_oxides_CaO_Fm-3m,-920.38822229,True
151,161,alkaline_earth_metal_oxides,BaO,Fm-3m,,,64.0,-37.82774975,,,,,,s8_0,20.0%,-2409.253574,3.1624,0.0,2.0906,True,-2409.26891076,,,-2420.975984,5.776593170000227,3.1624,rattle,s8_0,BaO_Fm-3m_s8_0,alkaline_earth_metal_oxides_BaO_Fm-3m,-2409.253574,True
152,162,alkaline_earth_metal_oxides,BaO,Fm-3m,,,64.0,-37.82774975,,,,,,s8_0,20.0%,-2409.253574,3.1624,0.0,2.0906,,,,,-2420.975984,5.791929930000309,3.1624,rattle,s8_0,BaO_Fm-3m_s8_0,alkaline_earth_metal_oxides_BaO_Fm-3m,-2409.253574,True
156,167,alkaline_earth_metal_oxides,MgO,P-6m2,,,75.0,-16.12603299,,,,,,s1_0,-10.0%,-1195.99713643,3.1107999999999993,0.3374968550000004,3.0483,True,-1196.05158136,,,-1209.4524742499998,7.470412819999796,3.1107999999999993,rattle,s1_0,MgO_P-6m2_s1_0,alkaline_earth_metal_oxides_MgO_P-6m2,-1195.99713643,True
157,168,alkaline_earth_metal_oxides,MgO,P-6m2,,,75.0,-16.12603299,,,,,,s1_0,-10.0%,-1195.99713643,3.1107999999999993,0.3374968550000004,3.0483,,,,,-1209.4524742499998,7.524857749999841,3.1107999999999993,rattle,s1_0,MgO_P-6m2_s1_0,alkaline_earth_metal_oxides_MgO_P-6m2,-1195.99713643,True
169,181,alkaline_earth_metal_oxides,MgO,P6_3mc,,,32.0,-31.78000885,,,,,,s2_0,60.0%,-1004.3425914,2.1742999999999997,0.0741400825000004,3.3701,True,-1004.35996552,,,-1016.9602832,6.669837610000103,2.1742999999999997,rattle,s2_0,MgO_P6_3mc_s2_0,alkaline_earth_metal_oxides_MgO_P6_3mc,-1004.3425914,True
170,182,alkaline_earth_metal_oxides,MgO,P6_3mc,,,32.0,-31.78000885,,,,,,s2_0,60.0%,-1004.3425914,2.1742999999999997,0.0741400825000004,3.3701,,,,,-1016.9602832,6.687211730000103,2.1742999999999997,rattle,s2_0,MgO_P6_3mc_s2_0,alkaline_earth_metal_oxides_MgO_P6_3mc,-1004.3425914,True
187,200,alkali_metal_oxides,Li2O,Fm-3m,,,80.0,-16.83040483,,,,,,s2_0,-50.0%,-1333.10971181,2.7459,0.0,4.854,True,-1333.16065032,,,-1346.4323863999998,7.341256009999755,2.7459,rattle,s2_0,Li2O_Fm-3m_s2_0,alkali_metal_oxides_Li2O_Fm-3m,-1333.10971181,True
188,201,alkali_metal_oxides,Li2O,Fm-3m,,,80.0,-16.83040483,,,,,,s2_0,-50.0%,-1333.10971181,2.7459,0.0,4.854,,,,,-1346.4323863999998,7.392194519999906,2.7459,rattle,s2_0,Li2O_Fm-3m_s2_0,alkali_metal_oxides_Li2O_Fm-3m,-1333.10971181,True
196,210,alkali_metal_oxides,Rb2O,Fm-3m,,,18.0,-74.06387706,,,,,,s5_0,50.0%,-1322.84240311,0.9381999999999996,0.0031695866666665,1.3192,True,-1322.68573883,,,-1333.14978708,4.5335681799999055,0.9381999999999996,rattle,s5_0,Rb2O_Fm-3m_s5_0,alkali_metal_oxides_Rb2O_Fm-3m,-1322.84240311,True
197,211,alkali_metal_oxides,Rb2O,Fm-3m,,,18.0,-74.06387706,,,,,,s5_0,50.0%,-1322.84240311,0.9381999999999996,0.0031695866666665,1.3192,,,,,-1333.14978708,4.376903899999819,0.9381999999999996,rattle,s5_0,Rb2O_Fm-3m_s5_0,alkali_metal_oxides_Rb2O_Fm-3m,-1322.84240311,True
219,233,alkali_metal_oxides,Rb2O,Fm-3m,,,18.0,-74.06387706,,,,,,s4_0,0.0%,-1322.8409609,0.9367,0.0031695866666665,1.3192,True,-1322.68527071,,,-1333.14978708,4.534036299999956,0.9367,rattle,s4_0,Rb2O_Fm-3m_s4_0,alkali_metal_oxides_Rb2O_Fm-3m,-1322.8409609,True
220,234,alkali_metal_oxides,Rb2O,Fm-3m,,,18.0,-74.06387706,,,,,,s4_0,0.0%,-1322.8409609,0.9367,0.0031695866666665,1.3192,,,,,-1333.14978708,4.378346109999869,0.9367,rattle,s4_0,Rb2O_Fm-3m_s4_0,alkali_metal_oxides_Rb2O_Fm-3m,-1322.8409609,True
231,246,alkali_metal_oxides,K2O,Fm-3m,,,18.0,-43.07782753,,,,,,s5_0,-40.0%,-764.66759839,1.0683,0.0,1.7072,True,-764.53743767,,,-775.40089554,4.932977799999934,1.0683,rattle,s5_0,K2O_Fm-3m_s5_0,alkali_metal_oxides_K2O_Fm-3m,-764.66759839,True
232,247,alkali_metal_oxides,K2O,Fm-3m,,,18.0,-43.07782753,,,,,,s5_0,-40.0%,-764.66759839,1.0683,0.0,1.7072,,,,,-775.40089554,4.802817079999999,1.0683,rattle,s5_0,K2O_Fm-3m_s5_0,alkali_metal_oxides_K2O_Fm-3m,-764.66759839,True
243,258,alkali_metal_oxides,K2O,Fm-3m,,,18.0,-43.07782753,,,,,,s4_0,-50.0%,-764.66467638,1.068,0.0,1.7072,True,-764.53459607,,,-775.40089554,4.935819399999945,1.068,rattle,s4_0,K2O_Fm-3m_s4_0,alkali_metal_oxides_K2O_Fm-3m,-764.66467638,True
244,259,alkali_metal_oxides,K2O,Fm-3m,,,18.0,-43.07782753,,,,,,s4_0,-50.0%,-764.66467638,1.068,0.0,1.7072,,,,,-775.40089554,4.805739090000019,1.068,rattle,s4_0,K2O_Fm-3m_s4_0,alkali_metal_oxides_K2O_Fm-3m,-764.66467638,True
253,269,alkali_metal_oxides,Cs2O,R-3m,,,32.0,-59.49863268,,,,,,s16_0,60.0%,-1894.52463189,0.7563,0.0,0.5831999999999997,True,-1894.25637932,,,-1903.95624576,3.769386370000051,0.7563,rattle,s16_0,Cs2O_R-3m_s16_0,alkali_metal_oxides_Cs2O_R-3m,-1894.52463189,True
254,270,alkali_metal_oxides,Cs2O,R-3m,,,32.0,-59.49863268,,,,,,s16_0,60.0%,-1894.52463189,0.7563,0.0,0.5831999999999997,,,,,-1903.95624576,3.5011338000000922,0.7563,rattle,s16_0,Cs2O_R-3m_s16_0,alkali_metal_oxides_Cs2O_R-3m,-1894.52463189,True
271,288,alkali_metal_oxides,Na2O,Fm-3m,,,64.0,-17.26364116,,,,,,s16_0,-50.0%,-1093.62011122,1.0472,0.0,1.8736,True,-1093.56650835,,,-1104.87303424,5.3760458199998755,1.0472,rattle,s16_0,Na2O_Fm-3m_s16_0,alkali_metal_oxides_Na2O_Fm-3m,-1093.62011122,True
272,289,alkali_metal_oxides,Na2O,Fm-3m,,,64.0,-17.26364116,,,,,,s16_0,-50.0%,-1093.62011122,1.0472,0.0,1.8736,,,,,-1104.87303424,5.322442950000026,1.0472,rattle,s16_0,Na2O_Fm-3m_s16_0,alkali_metal_oxides_Na2O_Fm-3m,-1093.62011122,True
286,303,group_13_metal_oxides,In2O3,Pbca,-577.43253441,4.0,,,,s32_0,30.0%,-2299.99037107,1.3935999999999993,,,,,,,True,-2299.70996711,,-2309.73013764,,4.089690460000087,1.3935999999999993,higher_symmetry,s32_0,In2O3_Pbca_s32_0,group_13_metal_oxides_In2O3_Pbca_higher_symmetry,-2299.99037107,True
287,304,group_13_metal_oxides,In2O3,Pbca,-577.43253441,4.0,,,,s32_0,30.0%,-2299.99037107,1.3935999999999993,,,,,,,,,,-2309.73013764,,3.809286500000029,1.3935999999999993,higher_symmetry,s32_0,In2O3_Pbca_s32_0,group_13_metal_oxides_In2O3_Pbca_higher_symmetry,-2299.99037107,True
298,315,group_13_metal_oxides,In2O3,Pbca,-577.43253441,4.0,,,,s24_0,-20.0%,-2300.22441982,1.4847,,,,,,,True,-2299.73647364,,-2309.73013764,,4.063183930000081,1.4847,higher_symmetry,s24_0,In2O3_Pbca_s24_0,group_13_metal_oxides_In2O3_Pbca_higher_symmetry,-2300.22441982,True
299,316,group_13_metal_oxides,In2O3,Pbca,-577.43253441,4.0,,,,s24_0,-20.0%,-2300.22441982,1.4847,,,,,,,,,,-2309.73013764,,3.575237749999973,1.4847,higher_symmetry,s24_0,In2O3_Pbca_s24_0,group_13_metal_oxides_In2O3_Pbca_higher_symmetry,-2300.22441982,True
314,331,group_13_metal_oxides,In2O3,Pbca,-577.43253441,4.0,,,,s16_0,30.0%,-2300.00434563,1.4097,,,,,,,True,-2299.63722647,,-2309.73013764,,4.162431100000207,1.4097,higher_symmetry,s16_0,In2O3_Pbca_s16_0,group_13_metal_oxides_In2O3_Pbca_higher_symmetry,-2300.00434563,True
315,332,group_13_metal_oxides,In2O3,Pbca,-577.43253441,4.0,,,,s16_0,30.0%,-2300.00434563,1.4097,,,,,,,,,,-2309.73013764,,3.7953119400000777,1.4097,higher_symmetry,s16_0,In2O3_Pbca_s16_0,group_13_metal_oxides_In2O3_Pbca_higher_symmetry,-2300.00434563,True
331,349,group_13_metal_oxides,Tl4O3,P2_1__m,-471.61422602,6.0,,,,s8_0,0.0%,-2821.74417906,1.3555,,,,,,,True,-2821.58411364,,-2829.68535612,,2.17076241000011,1.3555,higher_symmetry,s8_0,Tl4O3_P2_1__m_s8_0,group_13_metal_oxides_Tl4O3_P2_1__m_higher_symmetry,-2821.74417906,True
332,350,group_13_metal_oxides,Tl4O3,P2_1__m,-471.61422602,6.0,,,,s8_0,0.0%,-2821.74417906,1.3555,,,,,,,,,,-2829.68535612,,2.010696989999973,1.3555,higher_symmetry,s8_0,Tl4O3_P2_1__m_s8_0,group_13_metal_oxides_Tl4O3_P2_1__m_higher_symmetry,-2821.74417906,True
339,357,group_13_metal_oxides,Tl4O3,P2_1__m,-471.61422602,6.0,,,,s12_0,-30.0%,-2821.78727621,1.2695000000000007,,,,,,,True,-2821.51186544,,-2829.68535612,,2.243010610000214,1.2695000000000007,higher_symmetry,s12_0,Tl4O3_P2_1__m_s12_0,group_13_metal_oxides_Tl4O3_P2_1__m_higher_symmetry,-2821.78727621,True
340,358,group_13_metal_oxides,Tl4O3,P2_1__m,-471.61422602,6.0,,,,s12_0,-30.0%,-2821.78727621,1.2695000000000007,,,,,,,,,,-2829.68535612,,1.9675998399999788,1.2695000000000007,higher_symmetry,s12_0,Tl4O3_P2_1__m_s12_0,group_13_metal_oxides_Tl4O3_P2_1__m_higher_symmetry,-2821.78727621,True
360,378,group_13_metal_oxides,Tl4O3,P2_1__m,-471.61422602,6.0,,,,s10_0,-60.0%,-2821.81364136,1.4402,,,,,,,True,-2821.62644552,,-2829.68535612,,2.1284305300002178,1.4402,higher_symmetry,s10_0,Tl4O3_P2_1__m_s10_0,group_13_metal_oxides_Tl4O3_P2_1__m_higher_symmetry,-2821.81364136,True
361,379,group_13_metal_oxides,Tl4O3,P2_1__m,-471.61422602,6.0,,,,s10_0,-60.0%,-2821.81364136,1.4402,,,,,,,,,,-2829.68535612,,1.941234690000032,1.4402,higher_symmetry,s10_0,Tl4O3_P2_1__m_s10_0,group_13_metal_oxides_Tl4O3_P2_1__m_higher_symmetry,-2821.81364136,True
372,393,group_13_metal_oxides,In2O3,Ia-3,-578.67896193,4.0,,,,s16_0,40.0%,-2305.42613765,1.3743999999999996,,,,,,,True,-2304.63321339,,-2314.71584772,,4.152154260000019,1.3743999999999996,higher_symmetry,s16_0,In2O3_Ia-3_s16_0,group_13_metal_oxides_In2O3_Ia-3_higher_symmetry,-2305.42613765,True
373,394,group_13_metal_oxides,In2O3,Ia-3,-578.67896193,4.0,,,,s16_0,40.0%,-2305.42613765,1.3743999999999996,,,,,,,,,,-2314.71584772,,3.359230000000183,1.3743999999999996,higher_symmetry,s16_0,In2O3_Ia-3_s16_0,group_13_metal_oxides_In2O3_Ia-3_higher_symmetry,-2305.42613765,True
382,405,group_13_metal_oxides,Tl2O,R-3m,,,16.0,-228.7277975,,,,,,s5_0,-20.0%,-3649.82498972,0.5219999999999994,0.0,0.5717000000000003,True,-3650.9527041,,,-3659.64476,2.761575830000014,0.5219999999999994,rattle,s5_0,Tl2O_R-3m_s5_0,group_13_metal_oxides_Tl2O_R-3m,-3649.82498972,True
383,406,group_13_metal_oxides,Tl2O,R-3m,,,16.0,-228.7277975,,,,,,s5_0,-20.0%,-3649.82498972,0.5219999999999994,0.0,0.5717000000000003,,,,,-3659.64476,3.8892902100002846,0.5219999999999994,rattle,s5_0,Tl2O_R-3m_s5_0,group_13_metal_oxides_Tl2O_R-3m,-3649.82498972,True
397,420,group_13_metal_oxides,Tl2O,R-3m,,,16.0,-228.7277975,,,,,,s4_0,-50.0%,-3649.82390521,0.5200000000000005,0.0,0.5717000000000003,True,-3650.95226141,,,-3659.64476,2.762018520000014,0.5200000000000005,rattle,s4_0,Tl2O_R-3m_s4_0,group_13_metal_oxides_Tl2O_R-3m,-3649.82390521,True
398,421,group_13_metal_oxides,Tl2O,R-3m,,,16.0,-228.7277975,,,,,,s4_0,-50.0%,-3649.82390521,0.5200000000000005,0.0,0.5717000000000003,,,,,-3659.64476,3.89037472000034,0.5200000000000005,rattle,s4_0,Tl2O_R-3m_s4_0,group_13_metal_oxides_Tl2O_R-3m,-3649.82390521,True
406,429,group_13_metal_oxides,Tl2O3,Ia-3,-1025.9401739,4.0,,,,s16_0,50.0%,-4098.52587551,1.2872,,,,,,,True,-4097.65664577,,-4103.7606956,,0.17356975999989466,1.2872,higher_symmetry,s16_0,Tl2O3_Ia-3_s16_0,group_13_metal_oxides_Tl2O3_Ia-3_higher_symmetry,-4098.52587551,True
407,430,group_13_metal_oxides,Tl2O3,Ia-3,-1025.9401739,4.0,,,,s16_0,50.0%,-4098.52587551,1.2872,,,,,,,,,,-4103.7606956,,-0.6956599800003698,1.2872,higher_symmetry,s16_0,Tl2O3_Ia-3_s16_0,group_13_metal_oxides_Tl2O3_Ia-3_higher_symmetry,-4098.52587551,True
432,457,group_13_metal_oxides,Al2O3,R-3c,,,18.0,-96.26938966,,,,,,s4_0,10.0%,-1719.27885237,4.7003,0.0,5.853700000000001,True,-1719.36450443,,,-1732.84901388,7.554029380000133,4.7003,rattle,s4_0,Al2O3_R-3c_s4_0,group_13_metal_oxides_Al2O3_R-3c,-1719.27885237,True
433,458,group_13_metal_oxides,Al2O3,R-3c,,,18.0,-96.26938966,,,,,,s4_0,10.0%,-1719.27885237,4.7003,0.0,5.853700000000001,,,,,-1732.84901388,7.639681439999935,4.7003,rattle,s4_0,Al2O3_R-3c_s4_0,group_13_metal_oxides_Al2O3_R-3c,-1719.27885237,True
443,468,group_13_metal_oxides,Al2O3,Pna2_1,-384.01862888,2.0,,,,s18_0,-60.0%,-753.90603054,3.9857,,,,,,,True,-754.69769504,,-768.03725776,,7.409082650000004,3.9857,higher_symmetry,s18_0,Al2O3_Pna2_1_s18_0,group_13_metal_oxides_Al2O3_Pna2_1_higher_symmetry,-753.90603054,True
444,469,group_13_metal_oxides,Al2O3,Pna2_1,-384.01862888,2.0,,,,s18_0,-60.0%,-753.90603054,3.9857,,,,,,,,,,-768.03725776,,8.200747150000028,3.9857,higher_symmetry,s18_0,Al2O3_Pna2_1_s18_0,group_13_metal_oxides_Al2O3_Pna2_1_higher_symmetry,-753.90603054,True
455,480,group_13_metal_oxides,Al2O3,Pna2_1,-384.01862888,2.0,,,,s19_0,40.0%,-754.41286121,5.05,,,,,,,True,-755.24480665,,-768.03725776,,6.861971040000002,5.05,higher_symmetry,s19_0,Al2O3_Pna2_1_s19_0,group_13_metal_oxides_Al2O3_Pna2_1_higher_symmetry,-754.41286121,True
456,481,group_13_metal_oxides,Al2O3,Pna2_1,-384.01862888,2.0,,,,s19_0,40.0%,-754.41286121,5.05,,,,,,,,,,-768.03725776,,7.693916480000029,5.05,higher_symmetry,s19_0,Al2O3_Pna2_1_s19_0,group_13_metal_oxides_Al2O3_Pna2_1_higher_symmetry,-754.41286121,True
469,494,group_13_metal_oxides,Al2O3,Pna2_1,-384.01862888,2.0,,,,s16_0,40.0%,-754.06940511,4.640199999999999,,,,,,,True,-754.87164287,,-768.03725776,,7.235134820000029,4.640199999999999,higher_symmetry,s16_0,Al2O3_Pna2_1_s16_0,group_13_metal_oxides_Al2O3_Pna2_1_higher_symmetry,-754.06940511,True
470,495,group_13_metal_oxides,Al2O3,Pna2_1,-384.01862888,2.0,,,,s16_0,40.0%,-754.06940511,4.640199999999999,,,,,,,,,,-768.03725776,,8.037372579999941,4.640199999999999,higher_symmetry,s16_0,Al2O3_Pna2_1_s16_0,group_13_metal_oxides_Al2O3_Pna2_1_higher_symmetry,-754.06940511,True
476,501,group_13_metal_oxides,Al2O3,Pna2_1,-384.01862888,2.0,,,,s21_0,60.0%,-753.90539297,4.290400000000001,,,,,,,True,-754.72941665,,-768.03725776,,7.377361040000027,4.290400000000001,higher_symmetry,s21_0,Al2O3_Pna2_1_s21_0,group_13_metal_oxides_Al2O3_Pna2_1_higher_symmetry,-753.90539297,True
477,502,group_13_metal_oxides,Al2O3,Pna2_1,-384.01862888,2.0,,,,s21_0,60.0%,-753.90539297,4.290400000000001,,,,,,,,,,-768.03725776,,8.201384720000009,4.290400000000001,higher_symmetry,s21_0,Al2O3_Pna2_1_s21_0,group_13_metal_oxides_Al2O3_Pna2_1_higher_symmetry,-753.90539297,True
494,519,group_13_metal_oxides,Al2O3,Pna2_1,-384.01862888,2.0,,,,s17_0,-50.0%,-753.996535,4.722100000000001,,,,,,,True,-754.81654982,,-768.03725776,,7.290227870000011,4.722100000000001,higher_symmetry,s17_0,Al2O3_Pna2_1_s17_0,group_13_metal_oxides_Al2O3_Pna2_1_higher_symmetry,-753.996535,True
495,520,group_13_metal_oxides,Al2O3,Pna2_1,-384.01862888,2.0,,,,s17_0,-50.0%,-753.996535,4.722100000000001,,,,,,,,,,-768.03725776,,8.110242689999994,4.722100000000001,higher_symmetry,s17_0,Al2O3_Pna2_1_s17_0,group_13_metal_oxides_Al2O3_Pna2_1_higher_symmetry,-753.996535,True
504,529,group_13_metal_oxides,Al2O3,Pna2_1,-384.01862888,2.0,,,,s28_0,60.0%,-753.92201983,4.436299999999999,,,,,,,True,-754.75452083,,-768.03725776,,7.352256859999942,4.436299999999999,higher_symmetry,s28_0,Al2O3_Pna2_1_s28_0,group_13_metal_oxides_Al2O3_Pna2_1_higher_symmetry,-753.92201983,True
505,530,group_13_metal_oxides,Al2O3,Pna2_1,-384.01862888,2.0,,,,s28_0,60.0%,-753.92201983,4.436299999999999,,,,,,,,,,-768.03725776,,8.184757860000035,4.436299999999999,higher_symmetry,s28_0,Al2O3_Pna2_1_s28_0,group_13_metal_oxides_Al2O3_Pna2_1_higher_symmetry,-753.92201983,True
517,542,group_13_metal_oxides,Al2O3,Pna2_1,,,2.0,-368.90167827,,,,,,s25_0,50.0%,-730.71416666,2.2078999999999995,0.0168870407500003,4.8274,True,-730.77395607,,,-737.80335654,1.098920399999928,2.2078999999999995,rattle,s25_0,Al2O3_Pna2_1_s25_0,group_13_metal_oxides_Al2O3_Pna2_1,-730.71416666,True
518,543,group_13_metal_oxides,Al2O3,Pna2_1,,,2.0,-368.90167827,,,,,,s25_0,50.0%,-730.71416666,2.2078999999999995,0.0168870407500003,4.8274,,,,,-737.80335654,1.1587098099999356,2.2078999999999995,rattle,s25_0,Al2O3_Pna2_1_s25_0,group_13_metal_oxides_Al2O3_Pna2_1,-730.71416666,True
538,563,group_13_metal_oxides,Al2O3,Pna2_1,,,2.0,-368.90167827,,,,,,s32_0,-40.0%,-732.56456687,1.0123000000000006,0.0168870407500003,4.8274,True,-732.62886246,,,-737.80335654,-0.7559859900000685,1.0123000000000006,rattle,s32_0,Al2O3_Pna2_1_s32_0,group_13_metal_oxides_Al2O3_Pna2_1,-732.56456687,True
539,564,group_13_metal_oxides,Al2O3,Pna2_1,,,2.0,-368.90167827,,,,,,s32_0,-40.0%,-732.56456687,1.0123000000000006,0.0168870407500003,4.8274,,,,,-737.80335654,-0.6916904000000397,1.0123000000000006,rattle,s32_0,Al2O3_Pna2_1_s32_0,group_13_metal_oxides_Al2O3_Pna2_1,-732.56456687,True
545,570,group_13_metal_oxides,Al2O3,Pna2_1,,,2.0,-368.90167827,,,,,,s24_0,50.0%,-732.42547964,0.8871000000000002,0.0168870407500003,4.8274,True,-738.96593679,,,-737.80335654,-7.093060320000019,0.8871000000000002,rattle,s24_0,Al2O3_Pna2_1_s24_0,group_13_metal_oxides_Al2O3_Pna2_1,-732.42547964,True
546,571,group_13_metal_oxides,Al2O3,Pna2_1,,,2.0,-368.90167827,,,,,,s24_0,50.0%,-732.42547964,0.8871000000000002,0.0168870407500003,4.8274,,,,,-737.80335654,-0.5526031700000669,0.8871000000000002,rattle,s24_0,Al2O3_Pna2_1_s24_0,group_13_metal_oxides_Al2O3_Pna2_1,-732.42547964,True
571,596,group_13_metal_oxides,Al2O3,Pna2_1,,,2.0,-368.90167827,,,,,,s18_0,10.0%,-733.51802691,2.2596000000000007,0.0168870407500003,4.8274,True,-734.26015061,,,-737.80335654,-2.3872741400000006,2.2596000000000007,rattle,s18_0,Al2O3_Pna2_1_s18_0,group_13_metal_oxides_Al2O3_Pna2_1,-733.51802691,True
572,597,group_13_metal_oxides,Al2O3,Pna2_1,,,2.0,-368.90167827,,,,,,s18_0,10.0%,-733.51802691,2.2596000000000007,0.0168870407500003,4.8274,,,,,-737.80335654,-1.6451504400000214,2.2596000000000007,rattle,s18_0,Al2O3_Pna2_1_s18_0,group_13_metal_oxides_Al2O3_Pna2_1,-733.51802691,True
573,598,group_13_metal_oxides,Al2O3,Pna2_1,,,2.0,-368.90167827,,,,,,s30_0,50.0%,-732.26074372,2.0012000000000008,0.0168870407500003,4.8274,True,-732.29343975,,,-737.80335654,-0.4205632799999659,2.0012000000000008,rattle,s30_0,Al2O3_Pna2_1_s30_0,group_13_metal_oxides_Al2O3_Pna2_1,-732.26074372,True
574,599,group_13_metal_oxides,Al2O3,Pna2_1,,,2.0,-368.90167827,,,,,,s30_0,50.0%,-732.26074372,2.0012000000000008,0.0168870407500003,4.8274,,,,,-737.80335654,-0.3878672500000686,2.0012000000000008,rattle,s30_0,Al2O3_Pna2_1_s30_0,group_13_metal_oxides_Al2O3_Pna2_1,-732.26074372,True
597,622,group_13_metal_oxides,Al2O3,Pna2_1,,,2.0,-368.90167827,,,,,,s31_0,-60.0%,-732.8581628,1.5055000000000005,0.0168870407500003,4.8274,True,-732.80199668,,,-737.80335654,-0.9291202100000202,1.5055000000000005,rattle,s31_0,Al2O3_Pna2_1_s31_0,group_13_metal_oxides_Al2O3_Pna2_1,-732.8581628,True
598,623,group_13_metal_oxides,Al2O3,Pna2_1,,,2.0,-368.90167827,,,,,,s31_0,-60.0%,-732.8581628,1.5055000000000005,0.0168870407500003,4.8274,,,,,-737.80335654,-0.9852863299999637,1.5055000000000005,rattle,s31_0,Al2O3_Pna2_1_s31_0,group_13_metal_oxides_Al2O3_Pna2_1,-732.8581628,True
603,628,group_13_metal_oxides,Al2O3,Pna2_1,,,2.0,-368.90167827,,,,,,s19_0,-10.0%,-733.80923144,2.5185000000000004,0.0168870407500003,4.8274,True,-733.89377502,,,-737.80335654,-2.020898550000039,2.5185000000000004,rattle,s19_0,Al2O3_Pna2_1_s19_0,group_13_metal_oxides_Al2O3_Pna2_1,-733.80923144,True
604,629,group_13_metal_oxides,Al2O3,Pna2_1,,,2.0,-368.90167827,,,,,,s19_0,-10.0%,-733.80923144,2.5185000000000004,0.0168870407500003,4.8274,,,,,-737.80335654,-1.9363549699999805,2.5185000000000004,rattle,s19_0,Al2O3_Pna2_1_s19_0,group_13_metal_oxides_Al2O3_Pna2_1,-733.80923144,True
620,645,group_13_metal_oxides,Al2O3,Pna2_1,,,2.0,-368.90167827,,,,,,s36_0,-50.0%,-739.33266516,2.8062000000000005,0.0168870407500003,4.8274,True,-739.39112323,,,-737.80335654,-7.5182467599999665,2.8062000000000005,rattle,s36_0,Al2O3_Pna2_1_s36_0,group_13_metal_oxides_Al2O3_Pna2_1,-739.33266516,True
621,646,group_13_metal_oxides,Al2O3,Pna2_1,,,2.0,-368.90167827,,,,,,s36_0,-50.0%,-739.33266516,2.8062000000000005,0.0168870407500003,4.8274,,,,,-737.80335654,-7.459788690000051,2.8062000000000005,rattle,s36_0,Al2O3_Pna2_1_s36_0,group_13_metal_oxides_Al2O3_Pna2_1,-739.33266516,True
639,664,group_13_metal_oxides,Al2O3,Pna2_1,,,2.0,-368.90167827,,,,,,s33_0,-60.0%,-739.73784892,2.0568,0.0168870407500003,4.8274,True,-739.72712898,,,-737.80335654,-7.854252509999993,2.0568,rattle,s33_0,Al2O3_Pna2_1_s33_0,group_13_metal_oxides_Al2O3_Pna2_1,-739.73784892,True
640,665,group_13_metal_oxides,Al2O3,Pna2_1,,,2.0,-368.90167827,,,,,,s33_0,-60.0%,-739.73784892,2.0568,0.0168870407500003,4.8274,,,,,-737.80335654,-7.864972450000051,2.0568,rattle,s33_0,Al2O3_Pna2_1_s33_0,group_13_metal_oxides_Al2O3_Pna2_1,-739.73784892,True
651,676,group_13_metal_oxides,Al2O3,Pna2_1,,,2.0,-368.90167827,,,,,,s35_0,40.0%,-738.08990397,2.5853,0.0168870407500003,4.8274,True,-738.14462551,,,-737.80335654,-6.271749039999987,2.5853,rattle,s35_0,Al2O3_Pna2_1_s35_0,group_13_metal_oxides_Al2O3_Pna2_1,-738.08990397,True
652,677,group_13_metal_oxides,Al2O3,Pna2_1,,,2.0,-368.90167827,,,,,,s35_0,40.0%,-738.08990397,2.5853,0.0168870407500003,4.8274,,,,,-737.80335654,-6.217027500000041,2.5853,rattle,s35_0,Al2O3_Pna2_1_s35_0,group_13_metal_oxides_Al2O3_Pna2_1,-738.08990397,True
658,683,group_13_metal_oxides,Al2O3,Pna2_1,,,2.0,-368.90167827,,,,,,s16_0,60.0%,-729.88171465,2.5217,0.0168870407500003,4.8274,True,-729.96787704,,,-737.80335654,1.9049994300000197,2.5217,rattle,s16_0,Al2O3_Pna2_1_s16_0,group_13_metal_oxides_Al2O3_Pna2_1,-729.88171465,True
659,684,group_13_metal_oxides,Al2O3,Pna2_1,,,2.0,-368.90167827,,,,,,s16_0,60.0%,-729.88171465,2.5217,0.0168870407500003,4.8274,,,,,-737.80335654,1.9911618199999328,2.5217,rattle,s16_0,Al2O3_Pna2_1_s16_0,group_13_metal_oxides_Al2O3_Pna2_1,-729.88171465,True
681,706,group_13_metal_oxides,Al2O3,Pna2_1,,,2.0,-368.90167827,,,,,,s29_0,-60.0%,-736.12680875,2.1745,0.0168870407500003,4.8274,True,-736.18598302,,,-737.80335654,-4.313106549999999,2.1745,rattle,s29_0,Al2O3_Pna2_1_s29_0,group_13_metal_oxides_Al2O3_Pna2_1,-736.12680875,True
682,707,group_13_metal_oxides,Al2O3,Pna2_1,,,2.0,-368.90167827,,,,,,s29_0,-60.0%,-736.12680875,2.1745,0.0168870407500003,4.8274,,,,,-737.80335654,-4.253932280000027,2.1745,rattle,s29_0,Al2O3_Pna2_1_s29_0,group_13_metal_oxides_Al2O3_Pna2_1,-736.12680875,True
691,716,group_13_metal_oxides,Al2O3,Pna2_1,,,2.0,-368.90167827,,,,,,s26_0,40.0%,-736.16239517,1.7284000000000006,0.0168870407500003,4.8274,True,-736.03577549,,,-737.80335654,-4.16289902000001,1.7284000000000006,rattle,s26_0,Al2O3_Pna2_1_s26_0,group_13_metal_oxides_Al2O3_Pna2_1,-736.16239517,True
692,717,group_13_metal_oxides,Al2O3,Pna2_1,,,2.0,-368.90167827,,,,,,s26_0,40.0%,-736.16239517,1.7284000000000006,0.0168870407500003,4.8274,,,,,-737.80335654,-4.289518699999986,1.7284000000000006,rattle,s26_0,Al2O3_Pna2_1_s26_0,group_13_metal_oxides_Al2O3_Pna2_1,-736.16239517,True
703,728,group_13_metal_oxides,Al2O3,Pna2_1,,,2.0,-368.90167827,,,,,,s23_0,30.0%,-732.24938522,2.2112000000000007,0.0168870407500003,4.8274,True,-732.31524177,,,-737.80335654,-0.44236529999996144,2.2112000000000007,rattle,s23_0,Al2O3_Pna2_1_s23_0,group_13_metal_oxides_Al2O3_Pna2_1,-732.24938522,True
704,729,group_13_metal_oxides,Al2O3,Pna2_1,,,2.0,-368.90167827,,,,,,s23_0,30.0%,-732.24938522,2.2112000000000007,0.0168870407500003,4.8274,,,,,-737.80335654,-0.37650875000004014,2.2112000000000007,rattle,s23_0,Al2O3_Pna2_1_s23_0,group_13_metal_oxides_Al2O3_Pna2_1,-732.24938522,True
711,736,group_13_metal_oxides,Al2O3,Pna2_1,,,2.0,-368.90167827,,,,,,s34_0,50.0%,-740.80572912,1.8232999999999997,0.0168870407500003,4.8274,True,-740.84012129,,,-737.80335654,-8.967244819999975,1.8232999999999997,rattle,s34_0,Al2O3_Pna2_1_s34_0,group_13_metal_oxides_Al2O3_Pna2_1,-740.80572912,True
712,737,group_13_metal_oxides,Al2O3,Pna2_1,,,2.0,-368.90167827,,,,,,s34_0,50.0%,-740.80572912,1.8232999999999997,0.0168870407500003,4.8274,,,,,-737.80335654,-8.932852650000042,1.8232999999999997,rattle,s34_0,Al2O3_Pna2_1_s34_0,group_13_metal_oxides_Al2O3_Pna2_1,-740.80572912,True
726,751,group_13_metal_oxides,Al2O3,Pna2_1,,,2.0,-368.90167827,,,,,,s37_0,60.0%,-729.89160627,2.3375999999999992,0.0168870407500003,4.8274,True,-729.95784848,,,-737.80335654,1.9150279899999294,2.3375999999999992,rattle,s37_0,Al2O3_Pna2_1_s37_0,group_13_metal_oxides_Al2O3_Pna2_1,-729.89160627,True
727,752,group_13_metal_oxides,Al2O3,Pna2_1,,,2.0,-368.90167827,,,,,,s37_0,60.0%,-729.89160627,2.3375999999999992,0.0168870407500003,4.8274,,,,,-737.80335654,1.9812701999999707,2.3375999999999992,rattle,s37_0,Al2O3_Pna2_1_s37_0,group_13_metal_oxides_Al2O3_Pna2_1,-729.89160627,True
742,767,group_13_metal_oxides,Al2O3,Pna2_1,,,2.0,-368.90167827,,,,,,s21_0,-20.0%,-741.79452581,1.9299999999999995,0.0168870407500003,4.8274,True,-741.78897478,,,-737.80335654,-9.916098310000008,1.9299999999999995,rattle,s21_0,Al2O3_Pna2_1_s21_0,group_13_metal_oxides_Al2O3_Pna2_1,-741.79452581,True
743,768,group_13_metal_oxides,Al2O3,Pna2_1,,,2.0,-368.90167827,,,,,,s21_0,-20.0%,-741.79452581,1.9299999999999995,0.0168870407500003,4.8274,,,,,-737.80335654,-9.92164934,1.9299999999999995,rattle,s21_0,Al2O3_Pna2_1_s21_0,group_13_metal_oxides_Al2O3_Pna2_1,-741.79452581,True
753,778,group_13_metal_oxides,Al2O3,Pna2_1,,,2.0,-368.90167827,,,,,,s17_0,60.0%,-728.14424748,1.3944,0.0168870407500003,4.8274,True,-728.13613949,,,-737.80335654,3.736736979999977,1.3944,rattle,s17_0,Al2O3_Pna2_1_s17_0,group_13_metal_oxides_Al2O3_Pna2_1,-728.14424748,True
754,779,group_13_metal_oxides,Al2O3,Pna2_1,,,2.0,-368.90167827,,,,,,s17_0,60.0%,-728.14424748,1.3944,0.0168870407500003,4.8274,,,,,-737.80335654,3.728628989999992,1.3944,rattle,s17_0,Al2O3_Pna2_1_s17_0,group_13_metal_oxides_Al2O3_Pna2_1,-728.14424748,True
770,795,group_13_metal_oxides,Al2O3,Pna2_1,,,2.0,-368.90167827,,,,,,s22_0,-50.0%,-739.05041321,2.1894,0.0168870407500003,4.8274,True,-739.10686345,,,-737.80335654,-7.23398698000001,2.1894,rattle,s22_0,Al2O3_Pna2_1_s22_0,group_13_metal_oxides_Al2O3_Pna2_1,-739.05041321,True
771,796,group_13_metal_oxides,Al2O3,Pna2_1,,,2.0,-368.90167827,,,,,,s22_0,-50.0%,-739.05041321,2.1894,0.0168870407500003,4.8274,,,,,-737.80335654,-7.177536740000006,2.1894,rattle,s22_0,Al2O3_Pna2_1_s22_0,group_13_metal_oxides_Al2O3_Pna2_1,-739.05041321,True
780,805,group_13_metal_oxides,Al2O3,Pna2_1,,,2.0,-368.90167827,,,,,,s28_0,60.0%,-740.07110589,2.9959,0.0168870407500003,4.8274,True,-740.11874674,,,-737.80335654,-8.245870270000024,2.9959,rattle,s28_0,Al2O3_Pna2_1_s28_0,group_13_metal_oxides_Al2O3_Pna2_1,-740.07110589,True
781,806,group_13_metal_oxides,Al2O3,Pna2_1,,,2.0,-368.90167827,,,,,,s28_0,60.0%,-740.07110589,2.9959,0.0168870407500003,4.8274,,,,,-737.80335654,-8.19822942000003,2.9959,rattle,s28_0,Al2O3_Pna2_1_s28_0,group_13_metal_oxides_Al2O3_Pna2_1,-740.07110589,True
800,825,group_13_metal_oxides,Al2O3,Pna2_1,,,2.0,-368.90167827,,,,,,s27_0,-40.0%,-733.80925811,2.5283999999999995,0.0168870407500003,4.8274,True,-733.89419718,,,-737.80335654,-2.02132071000001,2.5283999999999995,rattle,s27_0,Al2O3_Pna2_1_s27_0,group_13_metal_oxides_Al2O3_Pna2_1,-733.80925811,True
801,826,group_13_metal_oxides,Al2O3,Pna2_1,,,2.0,-368.90167827,,,,,,s27_0,-40.0%,-733.80925811,2.5283999999999995,0.0168870407500003,4.8274,,,,,-737.80335654,-1.9363816399999916,2.5283999999999995,rattle,s27_0,Al2O3_Pna2_1_s27_0,group_13_metal_oxides_Al2O3_Pna2_1,-733.80925811,True
815,840,group_13_metal_oxides,Al2O3,Pna2_1,,,2.0,-368.90167827,,,,,,s39_0,40.0%,-732.83415594,1.2508,0.0168870407500003,4.8274,True,-732.92021799,,,-737.80335654,-1.0473415199999874,1.2508,rattle,s39_0,Al2O3_Pna2_1_s39_0,group_13_metal_oxides_Al2O3_Pna2_1,-732.83415594,True
816,841,group_13_metal_oxides,Al2O3,Pna2_1,,,2.0,-368.90167827,,,,,,s39_0,40.0%,-732.83415594,1.2508,0.0168870407500003,4.8274,,,,,-737.80335654,-0.9612794699999778,1.2508,rattle,s39_0,Al2O3_Pna2_1_s39_0,group_13_metal_oxides_Al2O3_Pna2_1,-732.83415594,True
829,854,group_13_metal_oxides,Al2O3,Pna2_1,,,2.0,-368.90167827,,,,,,s38_0,40.0%,-728.87944077,2.3076000000000008,0.0168870407500003,4.8274,True,-728.67095398,,,-737.80335654,3.201922489999946,2.3076000000000008,rattle,s38_0,Al2O3_Pna2_1_s38_0,group_13_metal_oxides_Al2O3_Pna2_1,-728.87944077,True
830,855,group_13_metal_oxides,Al2O3,Pna2_1,,,2.0,-368.90167827,,,,,,s38_0,40.0%,-728.87944077,2.3076000000000008,0.0168870407500003,4.8274,,,,,-737.80335654,2.993435700000008,2.3076000000000008,rattle,s38_0,Al2O3_Pna2_1_s38_0,group_13_metal_oxides_Al2O3_Pna2_1,-728.87944077,True
835,860,group_13_metal_oxides,Al2O3,Pna2_1,,,2.0,-368.90167827,,,,,,s20_0,50.0%,-729.28724234,2.8228,0.0168870407500003,4.8274,True,-729.30912656,,,-737.80335654,2.5637499100000003,2.8228,rattle,s20_0,Al2O3_Pna2_1_s20_0,group_13_metal_oxides_Al2O3_Pna2_1,-729.28724234,True
836,861,group_13_metal_oxides,Al2O3,Pna2_1,,,2.0,-368.90167827,,,,,,s20_0,50.0%,-729.28724234,2.8228,0.0168870407500003,4.8274,,,,,-737.80335654,2.5856341299999475,2.8228,rattle,s20_0,Al2O3_Pna2_1_s20_0,group_13_metal_oxides_Al2O3_Pna2_1,-729.28724234,True
850,876,group_13_metal_oxides,In2O3,Pbcn,,,8.0,-288.57301883,,,,,,s8_0,60.0%,-2298.93683536,1.4895000000000005,0.0495181169999998,0.7626999999999997,True,-2298.50837714,,,-2308.58415064,4.145293430000196,1.4895000000000005,rattle,s8_0,In2O3_Pbcn_s8_0,group_13_metal_oxides_In2O3_Pbcn,-2298.93683536,True
851,877,group_13_metal_oxides,In2O3,Pbcn,,,8.0,-288.57301883,,,,,,s8_0,60.0%,-2298.93683536,1.4895000000000005,0.0495181169999998,0.7626999999999997,,,,,-2308.58415064,3.7168352100003847,1.4895000000000005,rattle,s8_0,In2O3_Pbcn_s8_0,group_13_metal_oxides_In2O3_Pbcn,-2298.93683536,True
875,901,group_13_metal_oxides,In2O3,Pbcn,,,8.0,-288.57301883,,,,,,s9_0,10.0%,-2298.94191843,1.4905999999999988,0.0495181169999998,0.7626999999999997,True,-2298.5059995,,,-2308.58415064,4.147671070000046,1.4905999999999988,rattle,s9_0,In2O3_Pbcn_s9_0,group_13_metal_oxides_In2O3_Pbcn,-2298.94191843,True
876,902,group_13_metal_oxides,In2O3,Pbcn,,,8.0,-288.57301883,,,,,,s9_0,10.0%,-2298.94191843,1.4905999999999988,0.0495181169999998,0.7626999999999997,,,,,-2308.58415064,3.7117521400002023,1.4905999999999988,rattle,s9_0,In2O3_Pbcn_s9_0,group_13_metal_oxides_In2O3_Pbcn,-2298.94191843,True
886,912,group_13_metal_oxides,In2O3,Pbcn,,,8.0,-288.57301883,,,,,,s16_0,0.0%,-2299.40727019,1.6546999999999992,0.0495181169999998,0.7626999999999997,True,-2298.63526706,,,-2308.58415064,4.018403510000256,1.6546999999999992,rattle,s16_0,In2O3_Pbcn_s16_0,group_13_metal_oxides_In2O3_Pbcn,-2299.40727019,True
887,913,group_13_metal_oxides,In2O3,Pbcn,,,8.0,-288.57301883,,,,,,s16_0,0.0%,-2299.40727019,1.6546999999999992,0.0495181169999998,0.7626999999999997,,,,,-2308.58415064,3.2464003800002263,1.6546999999999992,rattle,s16_0,In2O3_Pbcn_s16_0,group_13_metal_oxides_In2O3_Pbcn,-2299.40727019,True
897,924,group_13_metal_oxides,Ga2O3,R-3c,,,18.0,-102.33403641,,,,,,s4_0,30.0%,-1830.61328657,2.2523,0.0297935599999963,2.4025,True,-1830.83021115,,,-1842.0126553799998,5.251964159999874,2.2523,rattle,s4_0,Ga2O3_R-3c_s4_0,group_13_metal_oxides_Ga2O3_R-3c,-1830.61328657,True
898,925,group_13_metal_oxides,Ga2O3,R-3c,,,18.0,-102.33403641,,,,,,s4_0,30.0%,-1830.61328657,2.2523,0.0297935599999963,2.4025,,,,,-1842.0126553799998,5.468888739999942,2.2523,rattle,s4_0,Ga2O3_R-3c_s4_0,group_13_metal_oxides_Ga2O3_R-3c,-1830.61328657,True
908,937,group_13_metal_oxides,In2O3,R-3c,-144.46393852,18.0,,,,s4_0,-30.0%,-2590.58677842,1.2653999999999996,,,,,,,True,-2590.2690908,,-2600.35089336,,4.151322490000142,1.2653999999999996,higher_symmetry,s4_0,In2O3_R-3c_s4_0,group_13_metal_oxides_In2O3_R-3c_higher_symmetry,-2590.58677842,True
909,938,group_13_metal_oxides,In2O3,R-3c,-144.46393852,18.0,,,,s4_0,-30.0%,-2590.58677842,1.2653999999999996,,,,,,,,,,-2600.35089336,,3.833634870000127,1.2653999999999996,higher_symmetry,s4_0,In2O3_R-3c_s4_0,group_13_metal_oxides_In2O3_R-3c_higher_symmetry,-2590.58677842,True
924,955,group_13_metal_oxides,Tl2O,C2__m,,,16.0,-228.7142048,,,,,,s5_0,-50.0%,-3649.92266257,0.5395000000000003,0.0028308533333332,0.8411999999999997,True,-3651.0677226,,,-3659.4272768,2.4290741300002754,0.5395000000000003,rattle,s5_0,Tl2O_C2__m_s5_0,group_13_metal_oxides_Tl2O_C2__m,-3649.92266257,True
925,956,group_13_metal_oxides,Tl2O,C2__m,,,16.0,-228.7142048,,,,,,s5_0,-50.0%,-3649.92266257,0.5395000000000003,0.0028308533333332,0.8411999999999997,,,,,-3659.4272768,3.574134160000243,0.5395000000000003,rattle,s5_0,Tl2O_C2__m_s5_0,group_13_metal_oxides_Tl2O_C2__m,-3649.92266257,True
945,976,group_13_metal_oxides,Tl2O,C2__m,,,16.0,-228.7142048,,,,,,s4_0,10.0%,-3649.922644,0.5393999999999997,0.0028308533333332,0.8411999999999997,True,-3651.06601417,,,-3659.4272768,2.430782560000056,0.5393999999999997,rattle,s4_0,Tl2O_C2__m_s4_0,group_13_metal_oxides_Tl2O_C2__m,-3649.922644,True
946,977,group_13_metal_oxides,Tl2O,C2__m,,,16.0,-228.7142048,,,,,,s4_0,10.0%,-3649.922644,0.5393999999999997,0.0028308533333332,0.8411999999999997,,,,,-3659.4272768,3.574152729999854,0.5393999999999997,rattle,s4_0,Tl2O_C2__m_s4_0,group_13_metal_oxides_Tl2O_C2__m,-3649.922644,True
955,986,group_13_metal_oxides,Al2O3,C2__m,-96.04087194,16.0,,,,s8_0,40.0%,-1523.05109304,3.8391,,,,,,,True,-1523.32892303,,-1536.65395104,,7.394547940000097,3.8391,higher_symmetry,s8_0,Al2O3_C2__m_s8_0,group_13_metal_oxides_Al2O3_C2__m_higher_symmetry,-1523.05109304,True
956,987,group_13_metal_oxides,Al2O3,C2__m,-96.04087194,16.0,,,,s8_0,40.0%,-1523.05109304,3.8391,,,,,,,,,,-1536.65395104,,7.6723779299999695,3.8391,higher_symmetry,s8_0,Al2O3_C2__m_s8_0,group_13_metal_oxides_Al2O3_C2__m_higher_symmetry,-1523.05109304,True
961,992,group_13_metal_oxides,Al2O3,C2__m,-96.04087194,16.0,,,,s6_0,50.0%,-1523.55099837,4.2277,,,,,,,True,-1523.85089601,,-1536.65395104,,6.872574959999996,4.2277,higher_symmetry,s6_0,Al2O3_C2__m_s6_0,group_13_metal_oxides_Al2O3_C2__m_higher_symmetry,-1523.55099837,True
962,993,group_13_metal_oxides,Al2O3,C2__m,-96.04087194,16.0,,,,s6_0,50.0%,-1523.55099837,4.2277,,,,,,,,,,-1536.65395104,,7.17247260000015,4.2277,higher_symmetry,s6_0,Al2O3_C2__m_s6_0,group_13_metal_oxides_Al2O3_C2__m_higher_symmetry,-1523.55099837,True
976,1007,group_13_metal_oxides,Al2O3,C2__m,-96.04087194,16.0,,,,s4_0,60.0%,-1523.26879661,3.829099999999999,,,,,,,True,-1523.54206633,,-1536.65395104,,7.181404640000141,3.829099999999999,higher_symmetry,s4_0,Al2O3_C2__m_s4_0,group_13_metal_oxides_Al2O3_C2__m_higher_symmetry,-1523.26879661,True
977,1008,group_13_metal_oxides,Al2O3,C2__m,-96.04087194,16.0,,,,s4_0,60.0%,-1523.26879661,3.829099999999999,,,,,,,,,,-1536.65395104,,7.454674360000057,3.829099999999999,higher_symmetry,s4_0,Al2O3_C2__m_s4_0,group_13_metal_oxides_Al2O3_C2__m_higher_symmetry,-1523.26879661,True
989,1020,group_13_metal_oxides,Al2O3,C2__m,,,16.0,-94.75971668,,,,,,s6_0,50.0%,-1503.1140687,3.571999999999999,0.009381222,4.4553,True,-1503.29078536,,,-1516.15546688,6.934201449999977,3.571999999999999,rattle,s6_0,Al2O3_C2__m_s6_0,group_13_metal_oxides_Al2O3_C2__m,-1503.1140687,True
990,1021,group_13_metal_oxides,Al2O3,C2__m,,,16.0,-94.75971668,,,,,,s6_0,50.0%,-1503.1140687,3.571999999999999,0.009381222,4.4553,,,,,-1516.15546688,7.110918109999988,3.571999999999999,rattle,s6_0,Al2O3_C2__m_s6_0,group_13_metal_oxides_Al2O3_C2__m,-1503.1140687,True
1015,1046,group_13_metal_oxides,Al2O3,C2__m,,,16.0,-94.75971668,,,,,,s5_0,10.0%,-1502.99851956,3.1791,0.009381222,4.4553,True,-1503.1516172,,,-1516.15546688,7.0733696100000305,3.1791,rattle,s5_0,Al2O3_C2__m_s5_0,group_13_metal_oxides_Al2O3_C2__m,-1502.99851956,True
1016,1047,group_13_metal_oxides,Al2O3,C2__m,,,16.0,-94.75971668,,,,,,s5_0,10.0%,-1502.99851956,3.1791,0.009381222,4.4553,,,,,-1516.15546688,7.226467249999972,3.1791,rattle,s5_0,Al2O3_C2__m_s5_0,group_13_metal_oxides_Al2O3_C2__m,-1502.99851956,True
1019,1050,group_13_metal_oxides,Al2O3,C2__m,,,16.0,-94.75971668,,,,,,s4_0,-10.0%,-1503.19309173,3.513100000000001,0.009381222,4.4553,True,-1503.36858961,,,-1516.15546688,6.856397199999877,3.513100000000001,rattle,s4_0,Al2O3_C2__m_s4_0,group_13_metal_oxides_Al2O3_C2__m,-1503.19309173,True
1020,1051,group_13_metal_oxides,Al2O3,C2__m,,,16.0,-94.75971668,,,,,,s4_0,-10.0%,-1503.19309173,3.513100000000001,0.009381222,4.4553,,,,,-1516.15546688,7.031895079999844,3.513100000000001,rattle,s4_0,Al2O3_C2__m_s4_0,group_13_metal_oxides_Al2O3_C2__m,-1503.19309173,True
1041,1075,group_13_metal_oxides,Ga2O3,C2__m,,,16.0,-102.44877994,,,,,,s8_0,-60.0%,-1627.84925968,1.9365999999999992,0.0,2.0077999999999996,True,-1628.37115682,,,-1639.18047904,4.878842150000013,1.9365999999999992,rattle,s8_0,Ga2O3_C2__m_s8_0,group_13_metal_oxides_Ga2O3_C2__m,-1627.84925968,True
1042,1076,group_13_metal_oxides,Ga2O3,C2__m,,,16.0,-102.44877994,,,,,,s8_0,-60.0%,-1627.84925968,1.9365999999999992,0.0,2.0077999999999996,,,,,-1639.18047904,5.4007392899999775,1.9365999999999992,rattle,s8_0,Ga2O3_C2__m_s8_0,group_13_metal_oxides_Ga2O3_C2__m,-1627.84925968,True
1050,1084,group_13_metal_oxides,Ga2O3,C2__m,,,16.0,-102.44877994,,,,,,s6_0,-50.0%,-1627.60217686,1.8141,0.0,2.0077999999999996,True,-1628.11748251,,,-1639.18047904,5.132516459999964,1.8141,rattle,s6_0,Ga2O3_C2__m_s6_0,group_13_metal_oxides_Ga2O3_C2__m,-1627.60217686,True
1051,1085,group_13_metal_oxides,Ga2O3,C2__m,,,16.0,-102.44877994,,,,,,s6_0,-50.0%,-1627.60217686,1.8141,0.0,2.0077999999999996,,,,,-1639.18047904,5.64782210999981,1.8141,rattle,s6_0,Ga2O3_C2__m_s6_0,group_13_metal_oxides_Ga2O3_C2__m,-1627.60217686,True
1070,1104,group_13_metal_oxides,Ga2O3,C2__m,,,16.0,-102.44877994,,,,,,s4_0,20.0%,-1628.26976069,2.4068,0.0,2.0077999999999996,True,-1628.88487109,,,-1639.18047904,4.365127879999976,2.4068,rattle,s4_0,Ga2O3_C2__m_s4_0,group_13_metal_oxides_Ga2O3_C2__m,-1628.26976069,True
1071,1105,group_13_metal_oxides,Ga2O3,C2__m,,,16.0,-102.44877994,,,,,,s4_0,20.0%,-1628.26976069,2.4068,0.0,2.0077999999999996,,,,,-1639.18047904,4.9802382799997975,2.4068,rattle,s4_0,Ga2O3_C2__m_s4_0,group_13_metal_oxides_Ga2O3_C2__m,-1628.26976069,True
1084,1119,group_13_metal_oxides,Al2O3,Pbcn,,,4.0,-190.51147433,,,,,,s8_0,20.0%,-748.37373963,4.314299999999999,0.0933559135000008,5.313199999999999,True,-748.60448233,,,-762.04589732,7.510934919999999,4.314299999999999,rattle,s8_0,Al2O3_Pbcn_s8_0,group_13_metal_oxides_Al2O3_Pbcn,-748.37373963,True
1085,1120,group_13_metal_oxides,Al2O3,Pbcn,,,4.0,-190.51147433,,,,,,s8_0,20.0%,-748.37373963,4.314299999999999,0.0933559135000008,5.313199999999999,,,,,-762.04589732,7.741677619999949,4.314299999999999,rattle,s8_0,Al2O3_Pbcn_s8_0,group_13_metal_oxides_Al2O3_Pbcn,-748.37373963,True
1088,1123,group_13_metal_oxides,Al2O3,Pbcn,,,4.0,-190.51147433,,,,,,s16_0,60.0%,-748.5125266,4.2193000000000005,0.0933559135000008,5.313199999999999,True,-748.80022084,,,-762.04589732,7.315196410000043,4.2193000000000005,rattle,s16_0,Al2O3_Pbcn_s16_0,group_13_metal_oxides_Al2O3_Pbcn,-748.5125266,True
1089,1124,group_13_metal_oxides,Al2O3,Pbcn,,,4.0,-190.51147433,,,,,,s16_0,60.0%,-748.5125266,4.2193000000000005,0.0933559135000008,5.313199999999999,,,,,-762.04589732,7.602890649999994,4.2193000000000005,rattle,s16_0,Al2O3_Pbcn_s16_0,group_13_metal_oxides_Al2O3_Pbcn,-748.5125266,True
