,formula,defectid,site,valence_ratio_Crsyal,Eb_sum,Eb_sum_bva,Vr_max,Eg,Ev
0,Al2Co1O4,0009491,1,0.8931711283310174,9.56244944457087,8.540903760015674,-1.2318970816502175,3.1976,6.2195
1,Al2Mg1O4,0009494,1,0.939385720304974,9.711042394277127,9.122414554460159,-2.8945619964631555,5.1431,6.8115
2,Al2Ni1O4,0009499,1,0.871812935982025,9.574237534429107,8.346944134679944,-1.242157708529182,2.6004,6.2466
3,Al2Ni1O4,0009499,1,0.871812935982025,8.49933956007682,7.4098341757787445,-1.242157708529182,2.6004,5.5104
4,Al2O3,0009540,1,0.9566116826940485,10.649135508781395,10.187087438292313,-2.8945619964631555,5.8646,6.995
5,Al2Mn1O4,0009572,1,0.8788416024257444,9.571719524803793,8.412025325148349,-1.994603679653242,3.0524,6.1385
6,Al2O3,0009576,1,0.9566112346568918,10.649135508781395,10.187082667083917,-2.8945619964631555,5.8647,6.995
7,Ba1O1,0009594,1,0.6143456795501768,10.180656153899415,6.254442123134026,-2.8403280769497066,2.095,5.6919
8,Ca1O1,0009596,1,0.7312885197292643,11.020274752984378,8.05900041111973,-3.2905001259273035,3.6404,6.9863
9,Co3O4,0009648,1,0.8710764618159339,,,-1.2318970816502175,1.6478,4.1201
10,Fe1O1,0009684,1,0.7440649767683543,,,-1.41,1.089,5.0763
11,Fe2Mg1O4,0009694,1,0.784298199999532,7.947675654645458,6.233347710118534,-1.2626789622871115,1.3811,4.2252
12,Fe2O3,0009808,1,0.7887046717800215,8.29797985593917,6.5446554787157325,-1.2626789622871115,1.8317,3.5343
13,In2Mn1O4,0009859,1,0.7061597142930023,7.193937193024108,5.080068632867707,-1.5993795332042406,1.035,4.2135
14,In2O3,0009889,1,0.7349027418378841,7.4787590664084815,5.496160543448527,-1.5993795332042406,0.9505,3.7275
15,Co1In2O4,0009921,1,0.710427357201774,7.1846671127911845,5.104184069314741,-1.2318970816502175,1.0102,4.052
16,In2Mg1O4,0009931,1,0.7410175559155412,7.333260062497441,5.434074448404902,-1.5993795332042406,1.8489,4.4126
17,In2Ni1O4,0009944,1,0.7803714661673684,7.196455202649422,5.615908297699316,-1.242157708529182,0.4499,3.6058
18,In2Ni1O4,0009944,1,0.7803714661673684,6.914151338890362,5.395606417632946,-1.242157708529182,0.4499,3.4805
19,Mg1O1,0009973,1,0.869308699906636,10.345144576146483,8.993124181836086,-3.116950431898758,4.4752,6.8887
20,Ni1O1,0010021,1,0.6714392555592507,9.524315417058364,6.394999253341163,-1.242157708529182,2.3894,3.7973
21,O1Sr1,0010079,1,0.6212690611498128,10.455647588229251,6.495770360852492,-3.067823794114626,3.2796,6.5707
22,Ba1O3Ti1,0010375,1,0.8846957092559807,13.398394262108852,11.853501914607653,-1.9122077365342869,1.8599,5.3369
23,Ba1O3Ti1,0010375,1,0.8846957092559807,6.611290159509242,5.8489800367641145,-1.9122077365342869,1.8599,5.4037
24,Co1O1,0010389,1,0.7352495804018006,6.3023912519392935,4.633830523516344,-1.2318970816502175,1.0462,4.2751
25,Mn1O1,0010438,1,0.7213645062721523,6.3394715728709885,4.5730697811904255,-1.994603679653242,0.7035,4.4315
26,Co1O1,0010528,1,0.7488903439530972,6.3023912519392935,4.719799952391808,-1.2318970816502175,1.2341,4.3434
27,O3Sr1Ti1,0010541,1,0.5901811413554363,6.611290159509242,3.9018587721711286,-1.9122077365342869,1.9408,5.396
28,O2Ti1,0010549,1,0.8868614921522668,9.916935239263863,8.794947983870946,-1.9122077365342869,2.2705,4.9268
29,Mn1O1,0010576,1,0.7107847378153,6.3394715728709885,4.505999639810653,-1.994603679653242,0.8642,4.4297
30,O2Ti1,0010720,1,0.8652823434863623,9.916935239263863,8.580948964032723,-1.9122077365342869,1.9186,4.9636
31,O2Ti1,0010731,1,0.9359952825026301,6.611290159509242,6.188136400556711,-1.9122077365342869,3.3933,5.9328
32,Mg1Mn2O4,0011233,1,0.8206565115520293,7.616692432573869,6.2506882412808125,-0.5156224113418986,1.4257,4.1736
33,Fe2Ni1O4,0011580,1,0.7271184139382252,7.810870794797439,5.679427983789518,-1.242157708529182,1.2021,3.7345
34,Fe2Ni1O4,0011580,1,0.7271184139382252,7.810870794797439,5.679427983789518,-1.242157708529182,1.2021,3.5181
35,Mn1O2,0011671,1,0.8974570176182062,6.759374010733628,6.0662476406390144,-0.433744681701679,0.1764,2.0859
36,O2Ti1,0011764,1,0.9050006897691567,9.916935239263863,8.974833231929853,-1.9122077365342869,2.2989,4.9109
37,O2Ti1,0011764,1,0.9050006897691567,9.916935239263863,8.974833231929853,-1.9122077365342869,2.2989,5.3669
38,Mn2Ni1O4,0011908,1,0.7764854967380923,7.47988757272585,5.808024217453114,-0.5156224113418986,1.162,3.539
39,Mn2Ni1O4,0011908,1,0.7764854967380923,7.47988757272585,5.808024217453114,-0.5156224113418986,1.162,3.5487
40,Fe2Mg1O4,0011911,1,0.8590430582656551,7.597371453351746,6.526469208067468,-1.2626789622871115,1.1513,3.8945
41,Fe2Mg1O4,0011911,1,0.8590430582656551,7.947675654645458,6.827395600470126,-1.2626789622871115,1.1513,3.772
42,Mn1Ni1O3,0012011,1,0.8031871851741935,7.6810211461752065,6.169297753659922,-0.433744681701679,1.5539,2.704
43,Mn1Ni1O3,0012072,1,0.8161126787067305,7.6810211461752065,6.26857874280809,-0.433744681701679,1.513,2.8808
44,Ba1Mn1O2,0012370,1,0.6693153725523344,6.563287837735299,4.392909444282008,-1.994603679653242,1.7167,5.1318
45,Al2Ca1O4,0107269,1,0.9323512142230825,8.997992672052156,8.389289393358228,-2.8945619964631555,4.3548,6.4142
46,Al2Ca1O4,0107269,1,0.9323512142230825,7.161280213221427,6.676828302188733,-2.8945619964631555,4.3548,6.185
47,Al2Ca1O4,0107269,1,0.9323512142230825,7.161280213221427,6.676828302188733,-2.8945619964631555,4.3548,6.3263
48,Al2Ca1O4,0107269,1,0.9323512142230825,8.997992672052156,8.389289393358228,-2.8945619964631555,4.3548,6.2954
49,Al2Ca1O4,0107269,1,0.9323512142230825,8.997992672052156,8.389289393358228,-2.8945619964631555,4.3548,6.4336
50,Al2Ca1O4,0107269,1,0.9323512142230825,7.161280213221427,6.676828302188733,-2.8945619964631555,4.3548,6.2966
51,Al2Ca1O4,0107269,1,0.9323512142230825,7.161280213221427,6.676828302188733,-2.8945619964631555,4.3548,6.2656
52,Al2Ca1O4,0107269,1,0.9323512142230825,7.161280213221427,6.676828302188733,-2.8945619964631555,4.3548,6.3068
53,Al2Ca1O4,0107269,1,0.9323512142230825,7.161280213221427,6.676828302188733,-2.8945619964631555,4.3548,6.1267
54,Al2Ca1O4,0107269,1,0.9323512142230825,7.161280213221427,6.676828302188733,-2.8945619964631555,4.3548,6.3209
55,Al2Ca1O4,0107269,1,0.9323512142230825,7.161280213221427,6.676828302188733,-2.8945619964631555,4.3548,6.3739
56,Al2Ca1O4,0107269,1,0.9323512142230825,7.161280213221427,6.676828302188733,-2.8945619964631555,4.3548,6.2817
57,Al4Ca1O7,0107702,1,0.8876203289788002,7.161280213221427,6.356497898768975,-2.8945619964631555,4.0231,6.2426
58,Al4Ca1O7,0107702,1,0.8876203289788002,7.161280213221427,6.356497898768975,-2.8945619964631555,4.0231,6.3909
59,Al4Ca1O7,0107702,1,0.8876203289788002,7.161280213221427,6.356497898768975,-2.8945619964631555,4.0231,6.2107
60,Al4Ca1O7,0107702,1,0.8876203289788002,7.986851631586046,7.0892918727332725,-2.8945619964631555,4.0231,6.7006
61,Al2Ca2O5,0107847,1,0.8226262812672677,10.834705130882886,8.912913190445572,-2.8945619964631555,3.5745,6.0239
62,Al2Ca2O5,0107847,1,0.8226262812672677,8.997992672052156,7.40198525068039,-2.8945619964631555,3.5745,6.5147
63,Al2Ca2O5,0107847,1,0.8226262812672677,12.671417589713617,10.423841130210755,-2.8945619964631555,3.5745,6.6988
64,Al6Ca5O14,0107855,1,1.058122559179428,8.997992672052156,9.520979033629569,-2.8945619964631555,4.2323,6.6404
65,Al6Ca5O14,0107855,1,1.058122559179428,7.161280213221427,7.577512146214857,-2.8945619964631555,4.2323,6.1511
66,Al6Ca5O14,0107855,1,1.058122559179428,5.3245677543906975,5.634045258800145,-2.8945619964631555,4.2323,6.3502
67,Al6Ca5O14,0107855,1,1.058122559179428,8.997992672052156,9.520979033629569,-2.8945619964631555,4.2323,6.5272
68,Al6Ca5O14,0107855,1,1.058122559179428,8.997992672052156,9.520979033629569,-2.8945619964631555,4.2323,6.5428
69,Al6Ca5O14,0107855,1,1.058122559179428,8.172421253687538,8.647423291644207,-2.8945619964631555,4.2323,6.2626
70,Al6Ca5O14,0107855,1,1.058122559179428,10.009133712518267,10.590890179058919,-2.8945619964631555,4.2323,6.1399
71,Al6Ca5O14,0107855,1,1.058122559179428,7.161280213221427,7.577512146214857,-2.8945619964631555,4.2323,6.1143
72,Al6Ca5O14,0107855,1,1.058122559179428,8.172421253687538,8.647423291644207,-2.8945619964631555,4.2323,6.3765
73,Al2Ba1O4,0108143,1,0.8033978413947505,5.3245677543906975,4.2777462402375805,-2.8945619964631555,4.1114,6.1846
74,Al2Ba1O4,0108143,1,0.8033978413947505,5.3245677543906975,4.2777462402375805,-2.8945619964631555,4.1114,6.1484
75,Al2Ba1O4,0108143,1,0.8033978413947505,5.3245677543906975,4.2777462402375805,-2.8945619964631555,4.1114,6.1849
76,Al2Ba1O4,0108143,1,0.8033978413947505,5.3245677543906975,4.2777462402375805,-2.8945619964631555,4.1114,6.1409
77,Al2Ba1O4,0108143,1,0.8033978413947505,5.3245677543906975,4.2777462402375805,-2.8945619964631555,4.1114,6.0963
78,Al2Ba1O4,0108143,1,0.8033978413947505,5.3245677543906975,4.2777462402375805,-2.8945619964631555,4.1114,6.1325
79,Ba3O9Y4,0108190,1,0.7672731194436933,11.137650333587297,8.545619714724616,-2.8403280769497066,3.2395,6.3296
80,Ba3O9Y4,0108190,1,0.7672731194436933,10.767759410606288,8.261812352395069,-2.8403280769497066,3.2395,6.129
81,Ba3O9Y4,0108190,1,0.7672731194436933,10.767759410606288,8.261812352395069,-2.8403280769497066,3.2395,6.1053
82,Al2O5Ti1,0108321,1,0.8762186949568158,11.93585791389994,10.458421844507388,-1.9122077365342869,3.0905,5.8592
83,Al2O5Ti1,0108321,1,0.8762186949568158,8.630212834145318,7.561953826734374,-1.9122077365342869,3.0905,6.3778
84,Al2O5Ti1,0108321,1,0.8762186949568158,11.292496711340668,9.894696731215054,-1.9122077365342869,3.0905,6.4249
85,Al4O7Sr1,0108427,1,0.9162357629399185,7.06717568576224,6.4751991062748075,-2.8945619964631555,3.7524,6.1601
86,Al4O7Sr1,0108427,1,0.9162357629399185,5.3245677543906975,4.8785593987694496,-2.8945619964631555,3.7524,6.3726
87,Al4O7Sr1,0108427,1,0.9162357629399185,7.06717568576224,6.4751991062748075,-2.8945619964631555,3.7524,6.1625
88,Al4O7Sr1,0108427,1,0.9162357629399185,7.986851631586046,7.317839098154173,-2.8945619964631555,3.7524,6.7311
89,Al5O12Y3,0108446,1,0.8732481526367353,11.371890011028288,9.930481944118595,-2.8945619964631555,4.8435,6.6039
90,Al1O3Y1,0108689,1,0.5002422237923497,7.986851631586046,3.9953604212841607,-2.8945619964631555,3.3479,3.5762
91,Al1O3Y1,0108689,1,0.5002422237923497,11.733267262151735,5.869475707568758,-2.8945619964631555,3.3479,5.1251
92,Ba1O4Y2,0108927,1,0.6255722305544749,12.46453543625619,7.7974672356840795,-2.8403280769497066,3.4285,6.5688
93,Ba1O4Y2,0108927,1,0.6255722305544749,12.46453543625619,7.7974672356840795,-2.8403280769497066,3.4285,6.5873
94,Ba1O4Y2,0108927,1,0.6255722305544749,12.46453543625619,7.7974672356840795,-2.8403280769497066,3.4285,6.6636
95,Ba1O4Y2,0108927,1,0.6255722305544749,12.46453543625619,7.7974672356840795,-2.8403280769497066,3.4285,6.6262
96,Al2O4Sr1,0108933,1,0.8973896106341682,8.809783617133782,7.905808289950958,-2.8945619964631555,4.1372,6.2968
97,Al2O4Sr1,0108933,1,0.8973896106341682,8.809783617133782,7.905808289950958,-2.8945619964631555,4.1372,6.2432
98,Al2O4Sr1,0108933,1,0.8973896106341682,7.06717568576224,6.3420100369294365,-2.8945619964631555,4.1372,6.2372
99,Al2O4Sr1,0108933,1,0.8973896106341682,8.809783617133782,7.905808289950958,-2.8945619964631555,4.1372,6.3469
100,Al2O4Sr1,0108933,1,0.8973896106341682,7.06717568576224,6.3420100369294365,-2.8945619964631555,4.1372,6.263
101,Al2O4Sr1,0108933,1,0.8973896106341682,7.06717568576224,6.3420100369294365,-2.8945619964631555,4.1372,6.3343
102,Al2O4Sr1,0108933,1,0.8973896106341682,8.809783617133782,7.905808289950958,-2.8945619964631555,4.1372,6.2482
103,Al2O4Sr1,0108933,1,0.8973896106341682,7.06717568576224,6.3420100369294365,-2.8945619964631555,4.1372,6.2083
104,Al2O9Y4,0109092,1,0.8035392768233998,8.709606133832938,6.998510614196766,-2.8945619964631555,4.122,6.1713
105,Al2O9Y4,0109092,1,0.8035392768233998,8.709606133832938,6.998510614196766,-2.8945619964631555,4.122,6.1876
106,Al2O9Y4,0109092,1,0.8035392768233998,12.09464451327518,9.718521905633237,-3.290655589970924,4.122,6.7059
107,Al2O9Y4,0109092,1,0.8035392768233998,12.09464451327518,9.718521905633237,-3.290655589970924,4.122,6.7954
108,Al2O9Y4,0109092,1,0.8035392768233998,11.733267262151735,9.428141090605077,-2.8945619964631555,4.122,6.3322
109,Al2O9Y4,0109092,1,0.8035392768233998,11.733267262151735,9.428141090605077,-2.8945619964631555,4.122,6.1492
110,Al2O9Y4,0109092,1,0.8035392768233998,11.733267262151735,9.428141090605077,-2.8945619964631555,4.122,6.1696
111,Al2O9Y4,0109092,1,0.8035392768233998,11.733267262151735,9.428141090605077,-2.8945619964631555,4.122,6.2906
112,Al2O9Y4,0109092,1,0.8035392768233998,11.371890011028288,9.137760275576913,-2.8945619964631555,4.122,5.7929
113,Ba1O5Ti2,0109333,1,0.5529393971486672,3.305645079754621,1.8278213975869781,-1.9122077365342869,2.9058,5.5111
114,Ba1O5Ti2,0109333,1,0.5529393971486672,9.916935239263863,5.483464192760935,-1.9122077365342869,2.9058,5.4485
115,Ba1O5Ti2,0109333,1,0.5529393971486672,10.004842210809047,5.532071420612294,-1.9122077365342869,2.9058,5.8221
116,Ba1O5Ti2,0109333,1,0.5529393971486672,6.611290159509242,3.6556427951739563,-1.9122077365342869,2.9058,6.0078
117,Ba1O5Ti2,0109333,1,0.5529393971486672,9.916935239263863,5.483464192760935,-1.9122077365342869,2.9058,5.5756
118,Ba4O30Ti13,0109458,1,0.6960991216427224,6.611290159509242,4.602113272959557,-1.9122077365342869,2.6742,5.8796
119,Ba4O30Ti13,0109458,1,0.6960991216427224,9.916935239263863,6.9031699094393355,-1.9122077365342869,2.6742,5.5618
120,Ba4O30Ti13,0109458,1,0.6960991216427224,13.222580319018483,9.204226545919115,-1.9122077365342869,2.6742,5.454
121,Ba4O30Ti13,0109458,1,0.6960991216427224,11.613711264913764,8.084294210518662,-1.9122077365342869,2.6742,5.573
122,Ba4O30Ti13,0109458,1,0.6960991216427224,6.611290159509242,4.602113272959557,-1.9122077365342869,2.6742,5.0833
123,Ba4O30Ti13,0109458,1,0.6960991216427224,6.611290159509242,4.602113272959557,-1.9122077365342869,2.6742,5.4196
124,Ba4O30Ti13,0109458,1,0.6960991216427224,11.613711264913764,8.084294210518662,-1.9122077365342869,2.6742,5.2835
125,Ba4O30Ti13,0109458,1,0.6960991216427224,6.611290159509242,4.602113272959557,-1.9122077365342869,2.6742,5.0505
126,Ba4O30Ti13,0109458,1,0.6960991216427224,9.916935239263863,6.9031699094393355,-1.9122077365342869,2.6742,5.9937
127,In1O3Y1,0109668,1,0.7469000062438595,10.940673151558505,8.171588845211073,-1.5993795332042406,2.0438,4.5724
128,In1O3Y1,0109668,1,0.7469000062438595,10.940673151558505,8.171588845211073,-1.5993795332042406,2.0438,4.4242
129,In1O3Y1,0109668,1,0.7469000062438595,8.632730428125155,6.447786410668235,-1.5993795332042406,2.0438,3.9393
130,In1O3Y1,0109668,1,0.7469000062438595,8.632730428125155,6.447786410668235,-1.5993795332042406,2.0438,3.7667
131,Ba3In2O6,0109684,1,0.7220691510749713,10.526483635803851,7.600849102709464,-1.5993795332042406,0.8592,3.6078
132,Ba3In2O6,0109684,1,0.7220691510749713,10.353569894851633,7.475993424570898,-1.5993795332042406,0.8592,3.9611
133,Ca3O7Ti2,0109710,1,0.8037902148201964,10.2847150771707,8.26675334124355,-1.9122077365342869,2.5897,5.5141
134,Ca3O7Ti2,0109710,1,0.8037902148201964,8.81578245624681,7.086039674314742,-1.9122077365342869,2.5897,5.7494
135,Ca3O7Ti2,0109710,1,0.8037902148201964,12.12142753600143,9.743084843090035,-1.9122077365342869,2.5897,5.7714
136,Ca3O7Ti2,0109710,1,0.8037902148201964,12.12142753600143,9.743084843090035,-1.9122077365342869,2.5897,5.9078
137,Ca1In2O4,0109770,1,0.7381829394379394,7.44578175863709,5.496349065004118,-1.5993795332042406,2.02,4.4374
138,In2O5Ti1,0110156,1,0.7966646906062232,7.045024612958862,5.612522353596099,-1.5993795332042406,1.9703,4.4726
139,In2O5Ti1,0110156,1,0.7966646906062232,8.914714379560982,7.102038173035799,-1.5993795332042406,1.9703,4.0504
140,In2O5Ti1,0110156,1,0.7966646906062232,8.914714379560982,7.102038173035799,-1.5993795332042406,1.9703,4.1145
141,In2O5Ti1,0110156,1,0.7966646906062232,7.4787590664084815,5.9580632777588,-1.5993795332042406,1.9703,3.9906
142,In2O5Ti1,0110156,1,0.7966646906062232,9.916935239263863,7.900472144150098,-1.9122077365342869,1.9703,4.7203
143,Ba2In2O5,0110289,1,0.7645729211788466,10.526483635803851,8.048264343167876,-1.5993795332042406,0.9164,3.8319
144,Ba2In2O5,0110289,1,0.7645729211788466,8.829707610153948,6.750955340650497,-1.5993795332042406,0.9164,3.0675
145,Ba2In2O5,0110289,1,0.7645729211788466,7.132931584504046,5.453646338133117,-1.5993795332042406,0.9164,3.5441
146,In1La1O3,0110733,1,0.7932478878262375,9.629850776479207,7.638858788523983,-1.5993795332042406,2.647,4.7424
147,In1La1O3,0110733,1,0.7932478878262375,12.57508639811669,9.975160724538513,-1.5993795332042406,2.647,4.6469
148,La2O5Ti1,0110854,1,0.8582860360277743,12.14135194466707,10.420752832606409,-1.9122077365342869,3.4608,6.2634
149,La2O5Ti1,0110854,1,0.8582860360277743,9.196116323029587,7.892898225743376,-1.9122077365342869,3.4608,6.0535
150,La2O5Ti1,0110854,1,0.8582860360277743,12.501761402784208,10.730087237760685,-1.9122077365342869,3.4608,5.6119
151,La2O5Ti1,0110854,1,0.8582860360277743,11.780942486549932,10.111418427452133,-3.100471243274967,3.4608,6.7189
152,La2O5Ti1,0110854,1,0.8582860360277743,12.14135194466707,10.420752832606409,-1.9122077365342869,3.4608,5.9992
153,La4O12Ti3,0111085,1,0.8542774674936183,12.14135194466707,10.372083391238903,-1.9122077365342869,3.0176,5.8879
154,La4O12Ti3,0111085,1,0.8542774674936183,9.556525781146725,8.163924642355497,-1.9122077365342869,3.0176,5.7683
155,In2O4Sr1,0111316,1,0.6518894034682012,9.094285162549445,5.928468129584071,-1.5993795332042406,1.8126,4.4539
156,In2O4Sr1,0111316,1,0.6518894034682012,9.094285162549445,5.928468129584071,-1.5993795332042406,1.8126,4.4839
157,In2O4Sr1,0111316,1,0.6518894034682012,9.094285162549445,5.928468129584071,-1.5993795332042406,1.8126,4.2635
158,In2O4Sr1,0111316,1,0.6518894034682012,9.094285162549445,5.928468129584071,-1.5993795332042406,1.8126,4.3469
159,O7Sr3Ti2,0111479,1,0.5336687892297798,6.611290159509242,3.5282392146720545,-1.9122077365342869,2.0175,5.1173
160,O7Sr3Ti2,0111479,1,0.5336687892297798,12.01868473661233,6.4139969315223375,-1.9122077365342869,2.0175,5.393
161,O7Sr3Ti2,0111479,1,0.5336687892297798,6.611290159509242,3.5282392146720545,-1.9122077365342869,2.0175,5.4334
162,La1O3Y1,0111508,1,0.7384967263805804,11.937793499912555,8.816021419892794,-3.100471243274967,4.4902,6.6611
163,La1O3Y1,0111508,1,0.7384967263805804,11.937793499912555,8.816021419892794,-3.100471243274967,4.4902,6.5344
164,La2O3,0111542,1,0.796427297234365,11.780942486549932,9.382664183436463,-3.100471243274967,3.4842,6.5007
165,La2O7Ti2,0111567,1,0.6932498715231931,9.556525781146725,6.625060269988049,-1.9122077365342869,2.9208,5.9762
166,La2O7Ti2,0111567,1,0.6932498715231931,12.501761402784208,8.666844486293765,-1.9122077365342869,2.9208,5.71
167,La2O7Ti2,0111567,1,0.6932498715231931,15.446997024421691,10.708628702599484,-1.9122077365342869,2.9208,5.684
168,La2O7Ti2,0111567,1,0.6932498715231931,15.446997024421691,10.708628702599484,-1.9122077365342869,2.9208,5.7062
169,La2O7Ti2,0111567,1,0.6932498715231931,12.501761402784208,8.666844486293765,-1.9122077365342869,2.9208,5.7495
170,La2O7Ti2,0111567,1,0.6932498715231931,12.501761402784208,8.666844486293765,-1.9122077365342869,2.9208,5.7906
171,La2O7Ti2,0111567,1,0.6932498715231931,12.501761402784208,8.666844486293765,-1.9122077365342869,2.9208,6.0004
172,La2O7Ti2,0111567,1,0.6932498715231931,12.501761402784208,8.666844486293765,-1.9122077365342869,2.9208,5.9466
173,La2O7Ti2,0111567,1,0.6932498715231931,12.14135194466707,8.416990675758317,-1.9122077365342869,2.9208,6.2802
174,La2O7Ti2,0111567,1,0.6932498715231931,9.196116323029587,6.375206459452599,-1.9122077365342869,2.9208,5.7207
175,La2O7Ti2,0111567,1,0.6932498715231931,12.14135194466707,8.416990675758317,-1.9122077365342869,2.9208,5.8706
176,La2O7Ti2,0111567,1,0.6932498715231931,12.14135194466707,8.416990675758317,-1.9122077365342869,2.9208,6.1468
177,La2O7Ti2,0111567,1,0.6932498715231931,12.501761402784208,8.666844486293765,-1.9122077365342869,2.9208,5.5873
178,La2O7Ti2,0111567,1,0.6932498715231931,12.501761402784208,8.666844486293765,-1.9122077365342869,2.9208,5.9513
179,O4Sr1Y2,0111982,1,0.6462166891231791,12.55619924769947,8.114025505819303,-3.067823794114626,3.9198,6.6199
180,O4Sr1Y2,0111982,1,0.6462166891231791,12.55619924769947,8.114025505819303,-3.067823794114626,3.9198,6.6208
181,O4Sr1Y2,0111982,1,0.6462166891231791,12.55619924769947,8.114025505819303,-3.067823794114626,3.9198,6.6705
182,O4Sr1Y2,0111982,1,0.6462166891231791,12.55619924769947,8.114025505819303,-3.067823794114626,3.9198,6.6572
183,O7Ti2Y2,0112035,1,0.7611407861835616,12.65861241614683,9.634986206418994,-1.9122077365342869,2.8858,5.5218
184,O7Ti2Y2,0112035,1,0.7611407861835616,12.09464451327518,9.20572723344497,-3.290655589970924,2.8858,6.9369
185,O5Ti1Y2,0112334,1,0.6129158598390783,12.09464451327518,7.412999441302047,-3.290655589970924,3.4185,6.5839
186,O5Ti1Y2,0112334,1,0.6129158598390783,12.376628464711006,7.585831877357157,-1.9122077365342869,3.4185,6.2371
187,O5Ti1Y2,0112334,1,0.6129158598390783,12.376628464711006,7.585831877357157,-1.9122077365342869,3.4185,5.8786
188,O5Ti1Y2,0112334,1,0.6129158598390783,9.352967336392211,5.732582017031645,-1.9122077365342869,3.4185,6.1246
189,O5Ti1Y2,0112334,1,0.6129158598390783,12.65861241614683,7.758664313412267,-1.9122077365342869,3.4185,5.658
190,Al1Fe1O3,0113386,1,0.7525445021619432,11.548052646345075,8.690423529683667,-1.2626789622871115,1.9542,4.6654
191,Al1Fe1O3,0113386,1,0.7525445021619432,9.473557682360283,7.129273749774272,-1.2626789622871115,1.9542,5.5057
192,Al1Fe1O3,0113386,1,0.7525445021619432,6.811273805164934,5.12578665479653,-1.2626789622871115,1.9542,3.7559
193,Al1Fe1O3,0113386,1,0.7525445021619432,10.06134659557084,7.571611064842619,-1.2626789622871115,1.9542,4.4172
194,Al1Fe1O3,0113386,1,0.7525445021619432,6.223484891954378,4.683449339728182,-1.2626789622871115,1.9542,3.3084
195,Al1Fe1O3,0113386,1,0.7525445021619432,7.39906271837549,5.568123969864878,-1.2626789622871115,1.9542,5.9504
196,Ba1Fe1O3,0115344,1,,,,,0.6255,0.5393
197,Ba1Fe1O3,0115344,1,,,,,0.6255,0.5346
198,Ba1Fe1O3,0115344,1,,,,,0.6255,0.2815
199,Ba1Fe1O3,0115344,1,,,,,0.6255,0.4659
200,Ba1Fe1O3,0115344,1,,,,,0.6255,1.0307
201,Ba1Fe1O3,0115344,1,,,,,0.6255,1.2079
202,Ba1Fe1O3,0115344,1,,,,,0.6255,1.2223
203,Ba1Fe1O3,0115344,1,,,,,0.6255,1.1015
204,Ba1Fe1O3,0115344,1,,,,,0.6255,1.2119
205,Ba1Fe1O3,0115344,1,,,,-1.2626789622871115,0.6255,0.8996
206,Ba1Mn3O6,0117270,1,0.7903454316691034,8.14562634012733,6.437858566003155,-0.433744681701679,0.0939,1.8772
207,Ba1Mn3O6,0117270,1,0.7903454316691034,7.856668893177051,6.209482367859234,-0.5156224113418986,0.0939,1.7261
208,Ba1Mn3O6,0117270,1,0.7903454316691034,8.14562634012733,6.437858566003155,-0.433744681701679,0.0939,1.5426
209,Ba1Mn3O6,0117270,1,0.7903454316691034,8.43458378707761,6.666234764147076,-0.433744681701679,0.0939,1.5668
210,Ba1Mn3O6,0117270,1,0.7903454316691034,,,-0.5156224113418986,0.0939,1.4805
211,Ba1Mn3O6,0117270,1,0.7903454316691034,,,-0.433744681701679,0.0939,0.285
212,Ba1Mn3O6,0117270,1,0.7903454316691034,,,-0.433744681701679,0.0939,2.3331
213,Ba1Mn3O6,0117270,1,0.7903454316691034,6.181459116833068,4.885487974038346,-0.433744681701679,0.0939,2.3141
214,Ba1Mn3O6,0117270,1,0.7903454316691034,6.181459116833068,4.885487974038346,-0.433744681701679,0.0939,2.5242
215,Ba1Mn3O6,0117270,1,0.7903454316691034,6.181459116833068,4.885487974038346,-0.433744681701679,0.0939,2.3704
216,Ba1Mn3O6,0117270,1,0.7903454316691034,4.217291893538805,3.333117382073538,-0.433744681701679,0.0939,1.2961
217,Ba1Mn3O6,0117270,1,0.7903454316691034,4.217291893538805,3.333117382073538,-0.433744681701679,0.0939,1.4482
218,Ca2Co1O3,0117717,1,0.9613725012891152,10.498045461292564,10.092532223769677,-1.2318970816502175,0.8107,4.0287
219,Ca2Co1O3,0117717,1,0.9613725012891152,10.75916010713847,10.343560663969777,-1.2318970816502175,0.8107,4.9227
220,Co1Nb2O6,0119208,1,0.8291353059254426,11.140983824417749,9.237383031569019,-1.2318970816502175,2.5662,6.025
221,Co1Nb2O6,0119208,1,0.8291353059254426,7.933888631686109,6.578267177811454,-1.2318970816502175,2.5662,5.1892
222,Co1Nb2O6,0119208,1,0.8291353059254426,14.348079017149388,11.896498885326581,-1.6041816447738562,2.5662,5.7406
223,Fe2O6Sr3,0124041,1,0.7532163361270148,11.119421653455753,8.375330037667336,-1.2626789622871115,0.0784,3.4211
224,Fe2O6Sr3,0124041,1,0.7532163361270148,10.787534620842502,8.125347302954314,-1.2626789622871115,0.0784,4.1241
225,Fe2O5Sr3,0124785,1,0.719930656855051,,,-1.41,0.6747,4.7267
226,Fe2O5Sr3,0124785,1,0.719930656855051,,,-1.41,0.6747,4.778
227,Fe2O5Sr3,0124785,1,0.719930656855051,,,-1.41,0.6747,5.4016
228,Mn1O2,0125667,1,0.8949474215036711,6.759374010733628,6.049284341884988,-0.433744681701679,1.3886,2.7443
229,Mn1O2,0125667,1,0.8949474215036711,6.759374010733628,6.049284341884988,-0.433744681701679,1.3886,2.145
230,Mg4Nb2O9,0126437,1,0.8400941382730905,13.013767536815086,10.932789824526989,-1.6041816447738562,3.656,5.7126
231,Mg4Nb2O9,0126437,1,0.8400941382730905,9.955265293789704,8.363360018266267,-1.6041816447738562,3.656,6.2767
232,La1Mn1O3,0126619,1,0.8246744842206066,9.818805689863492,8.097318517950534,-0.5156224113418986,1.0121,3.7311
233,La1Mn1O3,0126619,1,0.8246744842206066,12.764041311500975,10.526179185132582,-0.5156224113418986,1.0121,4.034
234,Mn1O3Sr1,0126839,1,0.592413270068752,4.506249340489085,2.669561907544296,-0.433744681701679,1.8446,2.6833
235,Mn1O3Sr1,0126839,1,0.592413270068752,4.506249340489085,2.669561907544296,-0.433744681701679,1.8446,2.6973
236,Mn1O3Sr1,0126839,1,0.592413270068752,4.506249340489085,2.669561907544296,-0.433744681701679,1.8446,1.9142
237,Mn1O3Sr1,0126839,1,0.592413270068752,4.506249340489085,2.669561907544296,-0.433744681701679,1.8446,1.9025
238,Ba1Nb2O6,0133995,1,0.8964388351613081,12.95893806273273,11.616895341883668,-1.6041816447738562,2.5495,5.2003
239,Ba1Nb2O6,0133995,1,0.8964388351613081,9.565386011432926,8.574783493957202,-1.6041816447738562,2.5495,5.4784
240,Ba1Nb2O6,0133995,1,0.8964388351613081,9.565386011432926,8.574783493957202,-1.6041816447738562,2.5495,5.3742
241,Ba1Mn2O3,0134600,1,0.6389244402837481,9.733023624170794,6.218666671341822,-1.994603679653242,0.7685,4.7909
242,Ba1Mn2O3,0134600,1,0.6389244402837481,9.956839889035104,6.3616683530966505,-1.994603679653242,0.7685,5.4596
243,Co1Mn1O3,0136261,1,0.8238392388534075,7.657444966458732,6.308503632729218,-0.433744681701679,1.0907,2.7537
244,Co1O3Sr1,0136293,1,0.8345634941826263,,,,0.4887,2.4789
245,Co1O3Sr1,0136293,1,0.8345634941826263,,,,0.4887,2.8649
246,Co1O3Sr1,0136293,1,0.8345634941826263,,,,0.4887,2.7913
247,Co1O3Sr1,0136293,1,0.8345634941826263,,,,0.4887,3.1962
248,Co1O3Sr1,0136293,1,0.8345634941826263,,,,0.4887,2.8475
249,Co1O3Sr1,0136293,1,0.8345634941826263,,,,0.4887,2.38
250,Co1O3Sr1,0136293,1,0.8345634941826263,,,,0.4887,2.4032
251,Co1O3Sr1,0136293,1,0.8345634941826263,,,,0.4887,2.3349
252,Co1O3Sr1,0136293,1,0.8345634941826263,8.71303965685771,7.271584820978962,-3.067823794114626,0.4887,0.2835
253,Co1O3Sr1,0136293,1,0.8345634941826263,8.71303965685771,7.271584820978962,-3.067823794114626,0.4887,0.2988
254,Co1O3Sr1,0136293,1,0.8345634941826263,8.71303965685771,7.271584820978962,-3.067823794114626,0.4887,0.3353
255,Co1O3Sr1,0136293,1,0.8345634941826263,8.71303965685771,7.271584820978962,-3.067823794114626,0.4887,0.3052
256,Co1O3Ti1,0136734,1,0.8087742478707923,9.762485785478889,7.895647098499989,-1.2318970816502175,2.1713,5.3321
257,Fe1O4Sr2,0142463,1,0.8902376446296068,,,,0.2288,1.9858
258,Fe1O4Sr2,0142463,1,0.8902376446296068,,,,0.2288,2.2501
259,Fe2O5Sr2,0143474,1,0.7943680478918963,11.119421653455753,8.832913272542529,-1.2626789622871115,1.6374,3.6862
260,Fe2O5Sr2,0143474,1,0.7943680478918963,11.119421653455753,8.832913272542529,-1.2626789622871115,1.6374,3.695
261,Fe2O5Sr2,0143474,1,0.7943680478918963,9.376813722084211,7.44864121185798,-1.2626789622871115,1.6374,3.7262
262,Fe2O5Sr2,0143474,1,0.7943680478918963,9.376813722084211,7.44864121185798,-1.2626789622871115,1.6374,3.674
263,Fe2O5Sr2,0143474,1,0.7943680478918963,7.634205790712668,6.064369151173434,-1.2626789622871115,1.6374,3.4575
264,Fe2O5Ti1,0143825,1,0.8724021983384287,7.454635007724206,6.503439968549206,-1.2626789622871115,1.8818,3.4937
265,Fe2O5Ti1,0143825,1,0.8724021983384287,9.529129971708999,8.313233935571539,-1.2626789622871115,1.8818,3.3802
266,Fe2O5Ti1,0143825,1,0.8724021983384287,10.760280087478826,9.387292003053748,-1.2626789622871115,1.8818,3.684
267,La3Nb1O7,0143911,1,0.7492798889348513,10.67316424899143,7.997187323067724,-1.6041816447738562,3.0469,6.0688
268,La3Nb1O7,0143911,1,0.7492798889348513,9.565386011432926,7.1671513682654435,-1.6041816447738562,3.0469,5.9297
269,La3Nb1O7,0143911,1,0.7492798889348513,11.780942486549932,8.827223277870004,-3.100471243274967,3.0469,6.198
270,La3Nb1O7,0143911,1,0.7492798889348513,13.618399870628913,10.203993142535225,-1.6041816447738562,3.0469,6.0716
271,Mg1Nb2O6,0144307,1,0.8547022858317312,11.289576774124006,9.64922707491661,-1.6041816447738562,3.5232,5.5587
272,Mg1Nb2O6,0144307,1,0.8547022858317312,8.231074531098624,7.035118216581338,-1.6041816447738562,3.5232,5.7976
273,Mg1Nb2O6,0144307,1,0.8547022858317312,14.348079017149388,12.263335933251883,-1.6041816447738562,3.5232,5.892
274,Mn2O5Y1,0144940,1,0.7971409662163421,10.264614150176396,8.18234444150955,-0.433744681701679,1.1218,3.4069
275,Mn2O5Y1,0144940,1,0.7971409662163421,10.553571597126675,8.412684259966902,-0.433744681701679,1.1218,4.1797
276,Mn2O5Y1,0144940,1,0.7971409662163421,6.470416563783348,5.1578341114764825,-0.433744681701679,1.1218,2.5169
277,Mn2O5Y1,0144940,1,0.7971409662163421,9.975656703226115,7.952004623052195,-0.5156224113418986,1.1218,4.0788
278,Mn2O5Sr2,0145133,1,0.518662909042946,3.9283344465885257,2.037481371761216,-0.5156224113418986,0.6477,3.162
279,Mn2O5Sr2,0145133,1,0.518662909042946,10.898766172074694,5.652785767787114,-0.5156224113418986,0.6477,3.2408
280,Mn2O5Sr2,0145133,1,0.518662909042946,10.898766172074694,5.652785767787114,-0.5156224113418986,0.6477,3.5082
281,Mn4Nb2O9,0147238,1,0.7653453840939645,12.73512179786842,9.746766683873025,-1.6041816447738562,2.365,5.1592
282,Mn4Nb2O9,0147238,1,0.7653453840939645,9.537296685369704,7.29932599488237,-1.6041816447738562,2.365,5.6565
283,Ni1O3Ti1,0149539,1,0.8029260040041478,9.786061965195364,7.857483628651291,-1.242157708529182,2.2791,5.0491
284,Al1Nb1O4,0151582,1,0.9670988368184106,7.444976882911812,7.200028483603969,-1.6041816447738562,3.5385,5.8591
285,Al1Nb1O4,0151582,1,0.9670988368184106,12.227669888628274,11.825365326291909,-1.6041816447738562,3.5385,5.9759
286,Al1Nb1O4,0151582,1,0.9670988368184106,12.76954463730251,12.34941176543603,-1.6041816447738562,3.5385,6.3338
287,Al1Nb1O4,0151582,1,0.9670988368184106,12.227669888628274,11.825365326291909,-1.6041816447738562,3.5385,5.6034
288,Ba3Ni1O4,0154647,1,0.6919119678489,10.180656153899415,7.044117833437558,-2.8403280769497066,1.5908,3.965
289,Ba3Ni1O4,0154647,1,0.6919119678489,10.071266031092573,6.968429498303044,-1.242157708529182,1.5908,4.1209
290,Ca1Co2O4,0155087,1,0.7975979922425829,,,,1.5016,4.3137
291,Ca1Co2O4,0155087,1,0.7975979922425829,,,,1.5016,3.3239
292,Ca1Co2O4,0155087,1,0.7975979922425829,,,,1.5016,3.9338
293,Ca1Co2O4,0155087,1,0.7975979922425829,,,,1.5016,3.5178
294,Co1O3Y1,0155205,1,0.7671127975017521,,,,0.9879,2.4751
295,Co1O3Y1,0155205,1,0.7671127975017521,,,,0.9879,2.5041
296,Fe1O3Sr1,0159544,1,0.5265281785567627,,,,0.0467,0.934
297,Fe2O7Sr3,0159759,1,0.8469057973198357,,,,0.0367,1.0297
298,Fe2O7Sr3,0159759,1,0.8469057973198357,,,,0.0367,1.6842
299,Fe2O7Sr3,0159759,1,0.8469057973198357,,,,0.0367,0.5224
300,Fe1O5Ti2,0159784,1,0.8080872790195881,,,-1.41,1.1405,5.4368
301,Fe1O5Ti2,0159784,1,0.8080872790195881,,,-1.41,1.1405,5.287
302,Fe1O5Ti2,0159784,1,0.8080872790195881,,,-1.41,1.1405,5.2491
303,Fe1O2Sr1,0160074,1,0.7429682562235819,,,-1.41,0.1476,4.9163
304,Co1La1O3,0169397,1,0.7075977803522056,,,,1.0736,2.6204
305,Co1La1O3,0169397,1,0.7075977803522056,,,,1.0736,2.4289
306,Ba2Fe1O4,0169441,1,0.7727078624346587,,,,0.7901,2.2037
307,Ba2Fe1O4,0169441,1,0.7727078624346587,,,,0.7901,2.4015
308,Ba2Fe1O4,0169441,1,0.7727078624346587,,,,0.7901,2.6558
309,Ba2Fe1O4,0169441,1,0.7727078624346587,,,,0.7901,2.7749
310,Co4Nb2O9,0170357,1,0.7673699789561714,12.716581637402573,9.758322983488048,-1.2318970816502175,2.1252,4.9564
311,Co4Nb2O9,0170357,1,0.7673699789561714,9.509486444670934,7.297294412931131,-1.2318970816502175,2.1252,5.3286
312,Ca1Fe1O2,0170770,1,0.7894644967767437,,,-1.41,1.4027,5.363
313,Co5O15Sr6,0171017,1,0.8108315594958369,,,,0.9149,2.8092
314,Co5O15Sr6,0171017,1,0.8108315594958369,,,,0.9149,2.8073
315,Co5O15Sr6,0171017,1,0.8108315594958369,,,,0.9149,2.8191
316,Co5O15Sr6,0171017,1,0.8108315594958369,,,,0.9149,2.9466
317,Co5O15Sr6,0171017,1,0.8108315594958369,,,,0.9149,3.075
318,Co5O15Sr6,0171017,1,0.8108315594958369,,,,0.9149,2.9496
319,Co5O15Sr6,0171017,1,0.8108315594958369,,,,0.9149,1.6966
320,Co5O15Sr6,0171017,1,0.8108315594958369,,,,0.9149,1.7103
321,Co5O15Sr6,0171017,1,0.8108315594958369,,,,0.9149,1.7076
322,Co5O15Sr6,0171017,1,0.8108315594958369,,,,0.9149,1.101
323,Co5O15Sr6,0171017,1,0.8108315594958369,,,,0.9149,1.1027
324,Co5O15Sr6,0171017,1,0.8108315594958369,,,,0.9149,1.112
325,Co5O15Sr6,0171017,1,0.8108315594958369,,,,0.9149,0.9633
326,Co5O15Sr6,0171017,1,0.8108315594958369,,,,0.9149,1.124
327,Co5O15Sr6,0171017,1,0.8108315594958369,,,,0.9149,0.6908
328,Fe1La1O3,0174238,1,0.7706117708633439,10.03946117124455,7.736526951686544,-1.2626789622871115,1.999,4.3781
329,Fe1La1O3,0174238,1,0.7706117708633439,12.984696792882033,10.006160189686407,-1.2626789622871115,1.999,4.3816
330,Fe1La3O6,0174252,1,0.9509897643678855,11.780942486549932,11.203555719315732,-3.100471243274967,2.5923,5.2854
331,Fe1La3O6,0174252,1,0.9509897643678855,10.910201828897241,10.375490266469063,-1.2626789622871115,2.5923,4.98
332,Fe1La3O6,0174252,1,0.9509897643678855,13.855437450534724,13.176379196297995,-1.2626789622871115,2.5923,4.9114
333,Fe1La3O6,0174252,1,0.9509897643678855,10.910201828897241,10.375490266469063,-1.2626789622871115,2.5923,5.4253
334,Fe1Nb2O6,0176178,1,0.8466655253552506,,,-1.41,1.6559,5.2949
335,Fe1Nb2O6,0176178,1,0.8466655253552506,,,-1.41,1.6559,5.0063
336,Fe1Nb2O6,0176178,1,0.8466655253552506,14.348079017149388,12.148023858893435,-1.6041816447738562,1.6559,5.7039
337,In1Nb1O4,0176585,1,0.8059898057601719,11.435075778035046,9.216554505191313,-1.5993795332042406,3.229,4.5288
338,In1Nb1O4,0176585,1,0.8059898057601719,8.522072538920703,6.868703590318793,-1.5993795332042406,3.229,4.8115
339,Mn2O7Y2,0179580,1,0.7381613699366453,10.553571597126675,7.790238867859497,-0.433744681701679,1.0635,2.1894
340,Mn2O7Y2,0179580,1,0.7381613699366453,12.09464451327518,8.927799362815938,-3.290655589970924,1.0635,5.5944
341,Ba3Mn2O8,0184694,1,0.5408976783034148,,,,1.7229,3.2896
342,Ba3Mn2O8,0184694,1,0.5408976783034148,,,,1.7229,3.2502
343,Ba2Fe2O5,0185027,1,0.8429285026124086,10.936094030569194,9.218345365616191,-1.2626789622871115,0.866,2.9418
344,Ba2Fe2O5,0185027,1,0.8429285026124086,10.936094030569194,9.218345365616191,-1.2626789622871115,0.866,2.8236
345,Ba2Fe2O5,0185027,1,0.8429285026124086,4.148989927969585,3.4973018673373675,-1.2626789622871115,0.866,3.4347
346,Ba2Fe2O5,0185027,1,0.8429285026124086,4.148989927969585,3.4973018673373675,-1.2626789622871115,0.866,3.3757
347,Ba2Fe2O5,0185027,1,0.8429285026124086,4.148989927969585,3.4973018673373675,-1.2626789622871115,0.866,3.4238
348,Ba2Fe2O5,0185027,1,0.8429285026124086,10.936094030569194,9.218345365616191,-1.2626789622871115,0.866,3.196
349,Ba2Fe2O5,0185027,1,0.8429285026124086,10.936094030569194,9.218345365616191,-1.2626789622871115,0.866,3.0174
350,Ba2Fe2O5,0185027,1,0.8429285026124086,10.936094030569194,9.218345365616191,-1.2626789622871115,0.866,2.9368
351,Ba2Fe2O5,0185027,1,0.8429285026124086,10.936094030569194,9.218345365616191,-1.2626789622871115,0.866,3.0007
352,Ba2Fe2O5,0185027,1,0.8429285026124086,10.936094030569194,9.218345365616191,-1.2626789622871115,0.866,2.8887
353,Ba2Fe2O5,0185027,1,0.8429285026124086,10.936094030569194,9.218345365616191,-1.2626789622871115,0.866,3.3856
354,Ba2Fe2O5,0185027,1,0.8429285026124086,10.936094030569194,9.218345365616191,-1.2626789622871115,0.866,3.2679
355,Ba2Fe2O5,0185027,1,0.8429285026124086,10.936094030569194,9.218345365616191,-1.2626789622871115,0.866,3.3174
356,Ba2Fe2O5,0185027,1,0.8429285026124086,10.936094030569194,9.218345365616191,-1.2626789622871115,0.866,3.1745
357,Ba2Fe2O5,0185027,1,0.8429285026124086,10.936094030569194,9.218345365616191,-1.2626789622871115,0.866,3.0437
358,Ba2Fe2O5,0185027,1,0.8429285026124086,10.936094030569194,9.218345365616191,-1.2626789622871115,0.866,2.9076
359,Ba2Fe2O5,0185027,1,0.8429285026124086,10.936094030569194,9.218345365616191,-1.2626789622871115,0.866,2.9764
360,Ba2Fe2O5,0185027,1,0.8429285026124086,10.936094030569194,9.218345365616191,-1.2626789622871115,0.866,2.8792
361,Ba2Fe2O5,0185027,1,0.8429285026124086,4.148989927969585,3.4973018673373675,-1.2626789622871115,0.866,2.9353
362,Ba2Fe2O5,0185027,1,0.8429285026124086,4.148989927969585,3.4973018673373675,-1.2626789622871115,0.866,2.8587
363,Ba2Fe2O5,0185027,1,0.8429285026124086,4.148989927969585,3.4973018673373675,-1.2626789622871115,0.866,2.9288
364,Ba2Fe2O5,0185027,1,0.8429285026124086,4.148989927969585,3.4973018673373675,-1.2626789622871115,0.866,2.8928
365,Ba2Fe2O5,0185027,1,0.8429285026124086,4.148989927969585,3.4973018673373675,-1.2626789622871115,0.866,3.2754
366,Ba2Fe2O5,0185027,1,0.8429285026124086,4.148989927969585,3.4973018673373675,-1.2626789622871115,0.866,3.089
367,Ba2Fe2O5,0185027,1,0.8429285026124086,4.148989927969585,3.4973018673373675,-1.2626789622871115,0.866,3.1349
368,Ba2Fe2O5,0185027,1,0.8429285026124086,4.148989927969585,3.4973018673373675,-1.2626789622871115,0.866,3.0935
369,Ba2Fe2O5,0185027,1,0.8429285026124086,4.148989927969585,3.4973018673373675,-1.2626789622871115,0.866,3.1514
370,Ba2Fe2O5,0185027,1,0.8429285026124086,4.148989927969585,3.4973018673373675,-1.2626789622871115,0.866,3.1018
371,Ba2Fe2O5,0185027,1,0.8429285026124086,4.148989927969585,3.4973018673373675,-1.2626789622871115,0.866,3.1434
372,Ba2Fe2O5,0185027,1,0.8429285026124086,4.148989927969585,3.4973018673373675,-1.2626789622871115,0.866,3.1198
373,Ba2Fe2O5,0185027,1,0.8429285026124086,8.861599066584402,7.469694431947508,-1.2626789622871115,0.866,3.7062
374,Ba2Fe2O5,0185027,1,0.8429285026124086,8.861599066584402,7.469694431947508,-1.2626789622871115,0.866,3.6969
375,Ba2Fe2O5,0185027,1,0.8429285026124086,8.861599066584402,7.469694431947508,-1.2626789622871115,0.866,3.6871
376,Ba2Fe2O5,0185027,1,0.8429285026124086,8.861599066584402,7.469694431947508,-1.2626789622871115,0.866,3.6461
377,Ba2Fe2O5,0185027,1,0.8429285026124086,4.148989927969585,3.4973018673373675,-1.2626789622871115,0.866,3.3392
378,Ba2Fe2O5,0185027,1,0.8429285026124086,4.148989927969585,3.4973018673373675,-1.2626789622871115,0.866,3.2114
379,Ba2Fe2O5,0185027,1,0.8429285026124086,4.148989927969585,3.4973018673373675,-1.2626789622871115,0.866,3.2645
380,Ba2Fe2O5,0185027,1,0.8429285026124086,4.148989927969585,3.4973018673373675,-1.2626789622871115,0.866,3.2723
381,Ba2Fe2O5,0185027,1,0.8429285026124086,4.148989927969585,3.4973018673373675,-1.2626789622871115,0.866,3.8752
382,Ba2Fe2O5,0185027,1,0.8429285026124086,4.148989927969585,3.4973018673373675,-1.2626789622871115,0.866,3.8602
383,Ba2Fe2O5,0185027,1,0.8429285026124086,4.148989927969585,3.4973018673373675,-1.2626789622871115,0.866,3.8978
384,Ba2Fe2O5,0185027,1,0.8429285026124086,4.148989927969585,3.4973018673373675,-1.2626789622871115,0.866,3.9052
385,Ba2Fe2O5,0185027,1,0.8429285026124086,4.148989927969585,3.4973018673373675,-1.2626789622871115,0.866,3.7097
386,Ba2Fe2O5,0185027,1,0.8429285026124086,4.148989927969585,3.4973018673373675,-1.2626789622871115,0.866,3.5205
387,Ba2Fe2O5,0185027,1,0.8429285026124086,4.148989927969585,3.4973018673373675,-1.2626789622871115,0.866,3.6207
388,Ba2Fe2O5,0185027,1,0.8429285026124086,4.148989927969585,3.4973018673373675,-1.2626789622871115,0.866,3.7287
389,Ba2Fe2O5,0185027,1,0.8429285026124086,2.0744949639847925,1.7486509336686837,-1.2626789622871115,0.866,3.4671
390,Ba2Fe2O5,0185027,1,0.8429285026124086,2.0744949639847925,1.7486509336686837,-1.2626789622871115,0.866,3.5437
391,Ba2Fe2O5,0185027,1,0.8429285026124086,2.0744949639847925,1.7486509336686837,-1.2626789622871115,0.866,3.456
392,Ba2Fe2O5,0185027,1,0.8429285026124086,2.0744949639847925,1.7486509336686837,-1.2626789622871115,0.866,3.5422
393,Ba2Fe2O5,0185027,1,0.8429285026124086,7.1648230409345,6.0394335573778015,-1.2626789622871115,0.866,3.1538
394,Ba2Fe2O5,0185027,1,0.8429285026124086,7.1648230409345,6.0394335573778015,-1.2626789622871115,0.866,3.448
395,Ba2Fe2O5,0185027,1,0.8429285026124086,7.1648230409345,6.0394335573778015,-1.2626789622871115,0.866,3.2867
396,Ba2Fe2O5,0185027,1,0.8429285026124086,7.1648230409345,6.0394335573778015,-1.2626789622871115,0.866,3.3637
397,Ba2Fe2O5,0185027,1,0.8429285026124086,4.148989927969585,3.4973018673373675,-1.2626789622871115,0.866,3.1687
398,Ba2Fe2O5,0185027,1,0.8429285026124086,4.148989927969585,3.4973018673373675,-1.2626789622871115,0.866,3.4226
399,Ba2Fe2O5,0185027,1,0.8429285026124086,4.148989927969585,3.4973018673373675,-1.2626789622871115,0.866,3.346
400,Ba2Fe2O5,0185027,1,0.8429285026124086,4.148989927969585,3.4973018673373675,-1.2626789622871115,0.866,3.3894
401,Ba2Fe2O5,0185027,1,0.8429285026124086,4.148989927969585,3.4973018673373675,-1.2626789622871115,0.866,3.3763
402,Ba2Fe2O5,0185027,1,0.8429285026124086,4.148989927969585,3.4973018673373675,-1.2626789622871115,0.866,3.6128
403,Ba2Fe2O5,0185027,1,0.8429285026124086,4.148989927969585,3.4973018673373675,-1.2626789622871115,0.866,3.5989
404,Ba2Fe2O5,0185027,1,0.8429285026124086,4.148989927969585,3.4973018673373675,-1.2626789622871115,0.866,3.456
405,Ba2Fe2O5,0185027,1,0.8429285026124086,4.148989927969585,3.4973018673373675,-1.2626789622871115,0.866,3.3509
406,Ba2Fe2O5,0185027,1,0.8429285026124086,4.148989927969585,3.4973018673373675,-1.2626789622871115,0.866,3.3174
407,Ba2Fe2O5,0185027,1,0.8429285026124086,4.148989927969585,3.4973018673373675,-1.2626789622871115,0.866,3.3624
408,Ba2Fe2O5,0185027,1,0.8429285026124086,4.148989927969585,3.4973018673373675,-1.2626789622871115,0.866,3.2594
409,Ba2Fe2O5,0185027,1,0.8429285026124086,10.936094030569194,9.218345365616191,-1.2626789622871115,0.866,2.9132
410,Ba2Fe2O5,0185027,1,0.8429285026124086,10.936094030569194,9.218345365616191,-1.2626789622871115,0.866,2.8167
411,Ba2Fe2O5,0185027,1,0.8429285026124086,10.936094030569194,9.218345365616191,-1.2626789622871115,0.866,2.8941
412,Ba2Fe2O5,0185027,1,0.8429285026124086,10.936094030569194,9.218345365616191,-1.2626789622871115,0.866,2.7269
413,Ba5Co5O14,0185107,1,0.5733200380670666,,,,0.9572,1.4104
414,Ba5Co5O14,0185107,1,0.5733200380670666,,,,0.9572,1.6794
415,Ba5Co5O14,0185107,1,0.5733200380670666,,,,0.9572,1.6998
416,Ba5Co5O14,0185107,1,0.5733200380670666,9.938299728569257,5.697826378705243,-1.2318970816502175,0.9572,1.5741
417,Ba5Co5O14,0185107,1,0.5733200380670666,3.1511956259696468,1.8066435962376914,-1.2318970816502175,0.9572,1.7332
418,Ba2Mn1O3,0185165,1,0.6991231102946108,10.068748021467261,7.0392944335409,-1.994603679653242,2.2354,5.6729
419,Ba2Mn1O3,0185165,1,0.6991231102946108,10.068748021467261,7.0392944335409,-1.994603679653242,2.2354,5.4336
420,Ba2Mn1O3,0185165,1,0.6991231102946108,9.956839889035104,6.96105687192767,-1.994603679653242,2.2354,5.001
421,Ba2Mn1O3,0185165,1,0.6991231102946108,9.956839889035104,6.96105687192767,-1.994603679653242,2.2354,5.22
422,Ba3Fe1O5,0185205,1,0.3666898440784635,,,,0.2794,2.6054
423,Ba3Fe1O5,0185205,1,0.3666898440784635,,,,0.2794,2.8479
424,Ba3Fe1O5,0185205,1,0.3666898440784635,,,,0.2794,2.2623
425,Ba3Fe1O5,0185205,1,0.3666898440784635,10.180656153899415,3.733143217689826,-2.8403280769497066,0.2794,0.975
426,Ba1Mn2O8,0185408,1,0.7697101448308953,,,,1.732,0.6038
427,Ba1Mn2O8,0185408,1,0.7697101448308953,,,,1.732,1.712
428,Co1O2,0187243,1,0.7583265388704782,,,,1.2038,1.7236
429,Fe1Nb1O4,0188731,1,0.7430586933689936,11.006177897670842,8.17823616762999,-1.2626789622871115,1.5659,3.3297
430,Fe1Nb1O4,0188731,1,0.7430586933689936,11.639880975417718,8.649114748564495,-1.2626789622871115,1.5659,4.2238
431,Fe1Nb1O4,0188731,1,0.7430586933689936,11.639880975417718,8.649114748564495,-1.2626789622871115,1.5659,3.9641
432,Fe1Nb1O4,0188731,1,0.7430586933689936,6.857187969701256,5.095293132951796,-1.2626789622871115,1.5659,3.7609
433,Fe1O3Y1,0188787,1,0.794149988789006,10.196312184607175,8.097401207094993,-1.2626789622871115,1.9865,4.5761
434,Fe1O3Y1,0188787,1,0.794149988789006,13.219973312925969,10.498641658251117,-1.2626789622871115,1.9865,4.5451
435,Fe3O4,0191339,1,0.7877662859482996,,,-1.2626789622871115,0.0471,3.3108
436,Fe3O4,0191339,1,0.7877662859482996,,,-1.2626789622871115,0.0471,3.3922
437,La1Mn7O12,0193122,1,0.7787259944509279,8.837737291520272,6.882175761035174,-0.5156224113418986,0.2582,2.7992
438,La1Mn7O12,0193122,1,0.7787259944509279,5.892501669882789,4.588644222683228,-0.5156224113418986,0.2582,3.16
439,La1Mn7O12,0193122,1,0.7787259944509279,5.892501669882789,4.588644222683228,-0.5156224113418986,0.2582,2.8799
440,La1Mn7O12,0193122,1,0.7787259944509279,8.837737291520272,6.882175761035174,-0.5156224113418986,0.2582,2.9978
441,La2Ni1O4,0193359,1,0.8384217885687878,14.955714292236054,12.539196726220336,-1.242157708529182,2.1446,4.519
442,La2Ni1O4,0193359,1,0.8384217885687878,13.368328389392993,11.208297798409776,-1.242157708529182,2.1446,5.6407
443,Mn2O7Sr3,0193429,1,0.48815691502234154,4.506249340489085,2.199756776374613,-0.433744681701679,0.5149,1.7739
444,Mn2O7Sr3,0193429,1,0.48815691502234154,10.966164327102252,5.353208947546288,-0.433744681701679,0.5149,2.5349
445,Mn2O7Sr3,0193429,1,0.48815691502234154,4.506249340489085,2.199756776374613,-0.433744681701679,0.5149,1.8934
446,Mn1O4Sr2,0194281,1,0.9487698473556466,11.476681065975253,10.888728943114781,-0.433744681701679,0.6624,1.8799
447,Mn1O4Sr2,0194281,1,0.9487698473556466,10.966164327102252,10.404366054701741,-0.433744681701679,0.6624,2.6467
448,Nb2Ni1O6,0194560,1,0.826660487316497,11.152771914275986,9.219555865585129,-1.242157708529182,2.5517,5.2609
449,Nb2Ni1O6,0194560,1,0.826660487316497,7.957464811402584,6.578121738797938,-1.242157708529182,2.5517,5.0346
450,Nb2Ni1O6,0194560,1,0.826660487316497,14.348079017149388,11.86098999237232,-1.6041816447738562,2.5517,5.6619
451,Mn1Nb2O6,0194582,1,0.8302862770072916,11.150253904650674,9.257902802178423,-1.6041816447738562,2.4343,5.4219
452,Mn1Nb2O6,0194582,1,0.8302862770072916,7.952428792151958,6.602792495001442,-1.6041816447738562,2.4343,5.4229
453,Mn1Nb2O6,0194582,1,0.8302862770072916,14.348079017149388,11.913013109355404,-1.6041816447738562,2.4343,5.8447
454,Mn1O3Ti1,0194723,1,0.7985951098184427,9.781025945944736,7.811079489438774,-1.9122077365342869,2.3965,5.6107
455,Nb6O16Sr1,0195961,1,0.8538677767093922,9.565386011432926,8.167574886949353,-1.6041816447738562,1.9491,4.6238
456,Nb6O16Sr1,0195961,1,0.8538677767093922,11.307993942804467,9.655531646985725,-1.6041816447738562,1.9491,4.6596
457,Nb6O16Sr1,0195961,1,0.8538677767093922,9.565386011432926,8.167574886949353,-1.6041816447738562,1.9491,4.7454
458,Nb6O16Sr1,0195961,1,0.8538677767093922,9.565386011432926,8.167574886949353,-1.6041816447738562,1.9491,4.1013
459,Nb6O16Sr1,0195961,1,0.8538677767093922,14.348079017149388,12.25136233042403,-1.6041816447738562,1.9491,4.3269
460,Nb6O16Sr1,0195961,1,0.8538677767093922,13.05060187417601,11.143488407022096,-1.6041816447738562,1.9491,4.8533
461,Nb6O16Sr1,0195961,1,0.8538677767093922,14.348079017149388,12.25136233042403,-1.6041816447738562,1.9491,4.702
462,Nb6O16Sr1,0195961,1,0.8538677767093922,9.565386011432926,8.167574886949353,-1.6041816447738562,1.9491,4.6576
463,Nb6O16Sr1,0195961,1,0.8538677767093922,14.348079017149388,12.25136233042403,-1.6041816447738562,1.9491,4.9616
464,Nb6O16Sr1,0195961,1,0.8538677767093922,13.05060187417601,11.143488407022096,-1.6041816447738562,1.9491,5.0872
465,Al2Fe1O4,0289591,1,0.9078144183742646,,,-1.41,2.2095,6.1911
466,Ba1Ce1O3,0289614,1,0.8711940107876472,8.598851937366181,7.491268307483173,-1.974911567461291,2.4607,5.014
467,Ba1Ce1O3,0289614,1,0.8711940107876472,10.295627963016083,8.969489418677435,-1.974911567461291,2.4607,5.079
468,Ba1Mn1O3,0289618,1,0.5597448957297493,4.506249340489085,2.5223500672243144,-0.433744681701679,2.3022,2.6893
469,Ba2O4Ti1,0289663,1,0.8608370433021273,8.39597315670433,7.227564707861383,-1.9122077365342869,4.1021,5.959
470,Ba2O4Ti1,0289663,1,0.8608370433021273,3.305645079754621,2.8456217366621925,-1.9122077365342869,4.1021,6.0973
471,Ba2O4Ti1,0289663,1,0.8608370433021273,10.09274918235423,8.688212364927779,-1.9122077365342869,4.1021,6.0536
472,Ba2O4Ti1,0289663,1,0.8608370433021273,3.305645079754621,2.8456217366621925,-1.9122077365342869,4.1021,6.0113
473,Ba5Nb4O15,0289691,1,0.5403223845839806,9.565386011432926,5.16839217916369,-1.6041816447738562,2.7029,5.8946
474,Ba5Nb4O15,0289691,1,0.5403223845839806,9.565386011432926,5.16839217916369,-1.6041816447738562,2.7029,5.7478
475,Ba5Nb4O15,0289691,1,0.5403223845839806,4.782693005716463,2.584196089581845,-1.6041816447738562,2.7029,5.0921
476,Ca1O3Ti1,0289774,1,0.8472710588883233,10.2847150771707,8.713941433799123,-1.9122077365342869,2.513,5.7061
477,Ca1O3Ti1,0289774,1,0.8472710588883233,12.12142753600143,10.270134743666013,-1.9122077365342869,2.513,5.7707
478,Ca2Nb2O7,0289796,1,0.7454283894135494,15.075523387925115,11.237723118627313,-1.6041816447738562,3.0187,5.8217
479,Ca2Nb2O7,0289796,1,0.7454283894135494,11.402098470263656,8.499447898623332,-1.6041816447738562,3.0187,5.4937
480,Ca2Nb2O7,0289796,1,0.7454283894135494,10.292830382208653,7.672567974316642,-1.6041816447738562,3.0187,5.8376
481,Ca2Nb2O7,0289796,1,0.7454283894135494,11.402098470263656,8.499447898623332,-1.6041816447738562,3.0187,5.992
482,Ca2Nb2O7,0289796,1,0.7454283894135494,11.402098470263656,8.499447898623332,-1.6041816447738562,3.0187,5.8171
483,Ca2Nb2O7,0289796,1,0.7454283894135494,13.238810929094385,9.868585508625323,-1.6041816447738562,3.0187,5.8336
484,Ca2Nb2O7,0289796,1,0.7454283894135494,8.456117923377922,6.303430364314652,-1.6041816447738562,3.0187,5.0731
485,Ca2Nb2O7,0289796,1,0.7454283894135494,15.075523387925115,11.237723118627313,-1.6041816447738562,3.0187,5.868
486,Ca2Nb2O7,0289796,1,0.7454283894135494,11.402098470263656,8.499447898623332,-1.6041816447738562,3.0187,5.6139
487,Ca2Nb2O7,0289796,1,0.7454283894135494,10.292830382208653,7.672567974316642,-1.6041816447738562,3.0187,5.4299
488,Ca2Nb2O7,0289796,1,0.7454283894135494,13.238810929094385,9.868585508625323,-1.6041816447738562,3.0187,5.9013
489,Ca2Nb2O7,0289796,1,0.7454283894135494,13.238810929094385,9.868585508625323,-1.6041816447738562,3.0187,5.63
490,Ca2Nb2O7,0289796,1,0.7454283894135494,13.238810929094385,9.868585508625323,-1.6041816447738562,3.0187,5.9201
491,Ca2Nb2O7,0289796,1,0.7454283894135494,10.292830382208653,7.672567974316642,-1.6041816447738562,3.0187,5.5554
492,Al1Ce1O3,0289832,1,0.4991722485823199,5.3245677543906975,2.657876458688118,-2.8945619964631555,1.9449,6.424
493,Al1Ce1O3,0289832,1,0.4991722485823199,5.3245677543906975,2.657876458688118,-2.8945619964631555,1.9449,6.5135
494,Ce1O2,0289838,1,0.9826948007925091,10.41059977213275,10.230442269206534,-1.974911567461291,2.0527,3.5104
495,Ce2O3,0289862,1,0.48881172898613484,17.54628797680421,8.576831363230294,-3.108762658934736,1.4514,6.4062
496,Ce2O3,0289862,1,0.48881172898613484,11.697525317869472,5.717887575486863,-3.108762658934736,1.4514,6.6495
497,Al1La1O3,0289874,1,0.48601477568596246,5.3245677543906975,2.5878186027749037,-2.8945619964631555,3.9699,6.451
498,La1Mn1O3,0289876,1,0.7545158088255968,9.818805689863492,7.408444116788724,-0.5156224113418986,1.1781,3.9265
499,La1Mn1O3,0289876,1,0.7545158088255968,12.764041311500975,9.630670954030489,-0.5156224113418986,1.1781,3.8986
500,La1Nb1O4,0289885,1,0.8042844464920871,15.455857254707892,12.430905597163445,-1.6041816447738562,3.627,5.6119
501,La1Nb1O4,0289885,1,0.8042844464920871,10.67316424899143,8.584260000319205,-1.6041816447738562,3.627,5.884
502,La2O3,0289934,1,0.4665214876490167,17.6714137298249,8.24409422209917,-3.100471243274967,4.0199,6.3604
503,La2O3,0289934,1,0.4665214876490167,11.780942486549932,5.49606281473278,-3.100471243274967,4.0199,6.7049
504,Ce2La2O7,0289949,1,0.9225005501107697,11.09577112934134,10.235854970720585,-1.974911567461291,2.3069,4.4457
505,Ce2La2O7,0289949,1,0.9225005501107697,11.780942486549932,10.867925924665652,-3.100471243274967,2.3069,5.4163
506,Ce1Mg1O3,0289952,1,0.7943668518310538,8.653681411448536,6.8741976595612835,-1.974911567461291,2.1457,1.347
507,Ce1Mg1O3,0289952,1,0.7943668518310538,6.929490648757455,5.504557671446186,-1.974911567461291,2.1457,1.2091
508,Mg1O3Ti1,0290005,1,0.8663968363237198,10.059671684891402,8.715667722245215,-1.9122077365342869,3.5822,6.0449
509,Mg2O4Ti1,0290062,1,0.8428958111964552,10.059671684891402,8.47925512520655,-1.9122077365342869,2.7435,6.2145
510,Mg2O4Ti1,0290062,1,0.8428958111964552,8.478217367827863,7.146253905755141,-1.9122077365342869,2.7435,6.3815
511,Mg1O5Ti2,0290080,1,0.9359767946342149,8.335480922200322,7.801816715295708,-1.9122077365342869,2.8751,5.6623
512,Mg1O5Ti2,0290080,1,0.9359767946342149,11.641126001954943,10.8958238012428,-1.9122077365342869,2.8751,5.5099
513,Mg1O5Ti2,0290080,1,0.9359767946342149,10.059671684891402,9.415619258697227,-1.9122077365342869,2.8751,6.2716
514,Nb2O5,0290102,1,0.9068540347400527,9.565386011432926,8.674408898314008,-1.6041816447738562,2.6936,5.3318
515,Nb2O5,0290102,1,0.9068540347400527,9.565386011432926,8.674408898314008,-1.6041816447738562,2.6936,4.7876
516,Nb2O5,0290102,1,0.9068540347400527,14.348079017149388,13.011613347471013,-1.6041816447738562,2.6936,5.8008
517,Nb2O5,0290125,1,0.9400559385445391,9.565386011432926,8.991997924518385,-1.6041816447738562,2.0917,5.8598
518,Nb2O5,0290125,1,0.9400559385445391,14.348079017149388,13.487996886777577,-1.6041816447738562,2.0917,5.3219
519,Nb2O5,0290125,1,0.9400559385445391,9.565386011432926,8.991997924518385,-1.6041816447738562,2.0917,4.3313
520,Ce1O3Sr1,0290130,1,0.8751052494470799,8.690515748809458,7.6051159521856775,-1.974911567461291,2.512,5.1286
521,Ce1O3Sr1,0290130,1,0.8751052494470799,10.433123680181001,9.13008130065703,-1.974911567461291,2.512,5.1089
522,O4Sr2Ti1,0290206,1,0.9100595605961226,13.58172188499541,12.360175850797663,-1.9122077365342869,2.0899,5.5107
523,O4Sr2Ti1,0290206,1,0.9100595605961226,12.01868473661233,10.937718950344744,-1.9122077365342869,2.0899,5.3384
524,Nb2O7Sr2,0290243,1,0.5347739306677435,9.565386011432926,5.115319075688235,-1.6041816447738562,2.6865,5.731
525,Nb2O7Sr2,0290243,1,0.5347739306677435,9.565386011432926,5.115319075688235,-1.6041816447738562,2.6865,5.4724
526,Nb2O7Sr2,0290243,1,0.5347739306677435,10.010516799831088,5.353363417061152,-1.6041816447738562,2.6865,5.5227
527,Nb2O7Sr2,0290243,1,0.5347739306677435,9.565386011432926,5.115319075688235,-1.6041816447738562,2.6865,5.8478
528,Nb2O7Sr2,0290243,1,0.5347739306677435,9.565386011432926,5.115319075688235,-1.6041816447738562,2.6865,5.6802
529,Nb2O7Sr2,0290243,1,0.5347739306677435,13.05060187417601,6.979121661832925,-1.6041816447738562,2.6865,5.6932
530,Nb2O7Sr2,0290243,1,0.5347739306677435,10.010516799831088,5.353363417061152,-1.6041816447738562,2.6865,5.2334
531,Nb2O7Sr2,0290243,1,0.5347739306677435,9.565386011432926,5.115319075688235,-1.6041816447738562,2.6865,5.7292
532,Nb2O7Sr2,0290243,1,0.5347739306677435,9.565386011432926,5.115319075688235,-1.6041816447738562,2.6865,5.4793
533,Nb2O7Sr2,0290243,1,0.5347739306677435,10.010516799831088,5.353363417061152,-1.6041816447738562,2.6865,5.5471
534,Nb2O7Sr2,0290243,1,0.5347739306677435,13.05060187417601,6.979121661832925,-1.6041816447738562,2.6865,5.8118
535,Nb2O7Sr2,0290243,1,0.5347739306677435,9.565386011432926,5.115319075688235,-1.6041816447738562,2.6865,5.5958
536,Nb2O7Sr2,0290243,1,0.5347739306677435,13.05060187417601,6.979121661832925,-1.6041816447738562,2.6865,5.6843
537,Nb2O7Sr2,0290243,1,0.5347739306677435,10.010516799831088,5.353363417061152,-1.6041816447738562,2.6865,5.7709
538,O3Y2,0290296,1,0.712969400314074,12.09464451327518,8.62311144564171,-3.290655589970924,3.7932,6.5735
539,Co1La2O4,icsd16404,1,0.8197876311831285,14.93213811251958,12.241182131761738,-1.2318970816502175,2.2134,4.9685
540,Co1La2O4,icsd16404,1,0.8197876311831285,13.356540299534755,10.949526532957591,-1.2318970816502175,2.2134,5.9606
541,Ba1La2O4,icsd427481,1,0.7072859839642507,12.229258916212254,8.64958342570677,-2.8403280769497066,3.2494,6.5252
542,Ba1La2O4,icsd427481,1,0.7072859839642507,12.229258916212254,8.64958342570677,-2.8403280769497066,3.2494,6.4588
543,Ba1La2O4,icsd427481,1,0.7072859839642507,12.229258916212254,8.64958342570677,-2.8403280769497066,3.2494,6.6203
544,Ba1La2O4,icsd427481,1,0.7072859839642507,12.229258916212254,8.64958342570677,-2.8403280769497066,3.2494,6.5091
545,Ba1Ce2O4,icsd427482,1,0.7238070561223052,12.16669603970191,8.806340443231548,-2.8403280769497066,0.71,6.8914
546,Ba1Ce2O4,icsd427482,1,0.7238070561223052,12.16669603970191,8.806340443231548,-2.8403280769497066,0.71,6.5518
547,Ba1Ce2O4,icsd427482,1,0.7238070561223052,12.16669603970191,8.806340443231548,-2.8403280769497066,0.71,6.6828
548,Ba1Ce2O4,icsd427482,1,0.7238070561223052,12.16669603970191,8.806340443231548,-2.8403280769497066,0.71,6.5635
