,Unnamed: 0,formula,defectid,site,valence_ratio_Crsyal,Eb_sum,Eb_sum_bva,Eb_sum_bva_nn,Vr_max,Eg,Ev,Ehull
0,0,Al2Co1O4,0009491,1,0.8931711283310174,9.56244944457087,8.540903760015674,8.54090376001568,-1.2318970816502175,3.1976,6.2195,0.0
1,1,Al2Mg1O4,0009494,1,0.939385720304974,9.711042394277127,9.12241455446016,9.12241455446016,-2.8945619964631555,5.1431,6.8115,0.0
2,2,Al2Ni1O4,0009499,1,0.871812935982025,9.574237534429107,8.346944134679944,8.346944134679944,-1.242157708529182,2.6004,6.2466,0.0
3,3,Al2Ni1O4,0009499,1,0.871812935982025,8.49933956007682,7.409834175778744,7.409834175778744,-1.242157708529182,2.6004,5.5104,0.0
4,4,Al2O3,0009540,1,0.9566116826940484,10.649135508781397,10.187087438292313,10.187087438292313,-2.8945619964631555,5.8646,6.995,0.0
5,5,Al2Mn1O4,0009572,1,0.8788416024257444,9.571719524803791,8.412025325148349,8.412025325148349,-1.994603679653242,3.0524,6.1385,0.0
6,6,Al2O3,0009576,1,0.9566112346568918,10.649135508781397,10.187082667083915,10.187082667083915,-2.8945619964631555,5.8647,6.995,0.0
7,7,Ba1O1,0009594,1,0.6143456795501768,10.180656153899417,6.254442123134026,6.254442123134029,-2.8403280769497066,2.095,5.6919,0.0
8,8,Ca1O1,0009596,1,0.7312885197292643,11.020274752984378,8.05900041111973,8.059000411119731,-3.2905001259273035,3.6404,6.9863,0.0
11,11,Fe2Mg1O4,0009694,1,0.784298199999532,7.947675654645458,6.233347710118534,6.233347710118534,-1.2626789622871115,1.3811,4.2252,0.0417
12,12,Fe2O3,0009808,1,0.7887046717800215,8.29797985593917,6.5446554787157325,6.5446554787157325,-1.2626789622871115,1.8317,3.5343,0.0
13,13,In2Mn1O4,0009859,1,0.7061597142930023,7.193937193024108,5.080068632867707,5.080068632867707,-1.5993795332042406,1.035,4.2135,0.0
14,14,In2O3,0009889,1,0.7349027418378841,7.4787590664084815,5.496160543448527,5.496160543448533,-1.5993795332042406,0.9505,3.7275,0.0
15,15,Co1In2O4,0009921,1,0.710427357201774,7.1846671127911845,5.104184069314741,5.104184069314742,-1.2318970816502175,1.0102,4.052,0.0
16,16,In2Mg1O4,0009931,1,0.7410175559155412,7.333260062497441,5.434074448404902,5.434074448404902,-1.5993795332042406,1.8489,4.4126,0.0
17,17,In2Ni1O4,0009944,1,0.7803714661673684,7.196455202649422,5.615908297699316,5.615908297699315,-1.242157708529182,0.4499,3.6058,0.0
18,18,In2Ni1O4,0009944,1,0.7803714661673684,6.914151338890362,5.395606417632946,5.395606417632944,-1.242157708529182,0.4499,3.4805,0.0
19,19,Mg1O1,0009973,1,0.869308699906636,10.345144576146485,8.993124181836086,8.993124181836084,-3.116950431898758,4.4752,6.8887,0.0
20,20,Ni1O1,0010021,1,0.6714392555592507,9.524315417058364,6.394999253341163,6.394999253341167,-1.242157708529182,2.3894,3.7973,0.0
21,21,O1Sr1,0010079,1,0.6212690611498128,10.455647588229253,6.495770360852492,6.495770360852492,-3.067823794114626,3.2796,6.5707,0.0
22,22,Ba1O3Ti1,0010375,1,0.8846957092559807,13.398394262108852,11.853501914607651,11.853501914607651,-1.9122077365342869,1.8599,5.3369,0.0
23,23,Ba1O3Ti1,0010375,1,0.8846957092559807,6.611290159509242,5.8489800367641145,5.8489800367641145,-1.9122077365342869,1.8599,5.4037,0.0
24,24,Co1O1,0010389,1,0.7352495804018006,6.3023912519392935,4.633830523516344,4.633830523516344,-1.2318970816502175,1.0462,4.2751,0.0020999999999999
25,25,Mn1O1,0010438,1,0.7213645062721523,6.3394715728709885,4.5730697811904255,4.573069781190425,-1.994603679653242,0.7035,4.4315,0.0015999999999998
26,26,Co1O1,0010528,1,0.7488903439530972,6.3023912519392935,4.719799952391808,4.719799952391808,-1.2318970816502175,1.2341,4.3434,0.0
27,27,O3Sr1Ti1,0010541,1,0.5901811413554363,6.611290159509242,3.9018587721711286,5.365029005715954,-1.9122077365342869,1.9408,5.396,0.0
28,28,O2Ti1,0010549,1,0.8868614921522668,9.916935239263864,8.794947983870946,8.794947983870946,-1.9122077365342869,2.2705,4.9268,0.0
29,29,Mn1O1,0010576,1,0.7107847378153,6.3394715728709885,4.505999639810653,4.505999639810653,-1.994603679653242,0.8642,4.4297,0.0
30,30,O2Ti1,0010720,1,0.8652823434863623,9.916935239263864,8.580948964032723,8.580948964032723,-1.9122077365342869,1.9186,4.9636,0.0209000000000001
31,31,O2Ti1,0010731,1,0.93599528250263,6.611290159509242,6.188136400556711,6.188136400556711,-1.9122077365342869,3.3933,5.9328,0.0842
32,32,Mg1Mn2O4,0011233,1,0.8206565115520293,7.616692432573869,6.2506882412808125,6.2506882412808125,-0.5156224113418986,1.4257,4.1736,0.0
33,33,Fe2Ni1O4,0011580,1,0.7271184139382252,7.810870794797439,5.679427983789518,5.679427983789518,-1.242157708529182,1.2021,3.7345,0.1060000000000001
34,34,Fe2Ni1O4,0011580,1,0.7271184139382252,7.810870794797439,5.679427983789518,5.679427983789518,-1.242157708529182,1.2021,3.5181,0.1060000000000001
35,35,Mn1O2,0011671,1,0.8974570176182062,6.759374010733628,6.0662476406390144,6.06624764063902,-0.433744681701679,0.1764,2.0859,0.0210999999999998
36,36,O2Ti1,0011764,1,0.9050006897691568,9.916935239263864,8.974833231929853,8.974833231929853,-1.9122077365342869,2.2989,4.9109,0.0131999999999998
37,37,O2Ti1,0011764,1,0.9050006897691568,9.916935239263864,8.974833231929853,8.974833231929853,-1.9122077365342869,2.2989,5.3669,0.0131999999999998
38,38,Mn2Ni1O4,0011908,1,0.7764854967380923,7.47988757272585,5.808024217453114,5.808024217453114,-0.5156224113418986,1.162,3.539,0.0216
39,39,Mn2Ni1O4,0011908,1,0.7764854967380923,7.47988757272585,5.808024217453114,5.808024217453114,-0.5156224113418986,1.162,3.5487,0.0216
40,40,Fe2Mg1O4,0011911,1,0.8590430582656551,7.597371453351746,6.526469208067468,6.526469208067468,-1.2626789622871115,1.1513,3.8945,0.0
41,41,Fe2Mg1O4,0011911,1,0.8590430582656551,7.947675654645458,6.827395600470126,6.827395600470126,-1.2626789622871115,1.1513,3.772,0.0
42,42,Mn1Ni1O3,0012011,1,0.8031871851741935,7.6810211461752065,6.169297753659922,6.1692977536599205,-0.433744681701679,1.5539,2.704,0.0143999999999999
43,43,Mn1Ni1O3,0012072,1,0.8161126787067305,7.6810211461752065,6.26857874280809,6.268578742808089,-0.433744681701679,1.513,2.8808,0.0
44,44,Ba1Mn1O2,0012370,1,0.6693153725523344,6.563287837735299,4.392909444282008,4.392909444282008,-1.994603679653242,1.7167,5.1318,0.0
45,45,Al2Ca1O4,0107269,1,0.9323512142230824,8.997992672052156,8.389289393358228,8.389289393358228,-2.8945619964631555,4.3548,6.4142,0.0
46,46,Al2Ca1O4,0107269,1,0.9323512142230824,7.161280213221427,6.676828302188733,6.676828302188733,-2.8945619964631555,4.3548,6.185,0.0
47,47,Al2Ca1O4,0107269,1,0.9323512142230824,7.161280213221427,6.676828302188733,6.676828302188733,-2.8945619964631555,4.3548,6.3263,0.0
48,48,Al2Ca1O4,0107269,1,0.9323512142230824,8.997992672052156,8.389289393358228,8.389289393358228,-2.8945619964631555,4.3548,6.2954,0.0
49,49,Al2Ca1O4,0107269,1,0.9323512142230824,8.997992672052156,8.389289393358228,8.389289393358228,-2.8945619964631555,4.3548,6.4336,0.0
50,50,Al2Ca1O4,0107269,1,0.9323512142230824,7.161280213221427,6.676828302188733,6.676828302188733,-2.8945619964631555,4.3548,6.2966,0.0
51,51,Al2Ca1O4,0107269,1,0.9323512142230824,7.161280213221427,6.676828302188733,6.676828302188733,-2.8945619964631555,4.3548,6.2656,0.0
52,52,Al2Ca1O4,0107269,1,0.9323512142230824,7.161280213221427,6.676828302188733,6.676828302188733,-2.8945619964631555,4.3548,6.3068,0.0
53,53,Al2Ca1O4,0107269,1,0.9323512142230824,7.161280213221427,6.676828302188733,6.676828302188733,-2.8945619964631555,4.3548,6.1267,0.0
54,54,Al2Ca1O4,0107269,1,0.9323512142230824,7.161280213221427,6.676828302188733,6.676828302188733,-2.8945619964631555,4.3548,6.3209,0.0
55,55,Al2Ca1O4,0107269,1,0.9323512142230824,7.161280213221427,6.676828302188733,6.676828302188733,-2.8945619964631555,4.3548,6.3739,0.0
56,56,Al2Ca1O4,0107269,1,0.9323512142230824,7.161280213221427,6.676828302188733,6.676828302188733,-2.8945619964631555,4.3548,6.2817,0.0
57,57,Al4Ca1O7,0107702,1,0.8876203289788002,7.161280213221427,6.356497898768975,6.615055360432798,-2.8945619964631555,4.0231,6.2426,0.0
58,58,Al4Ca1O7,0107702,1,0.8876203289788002,7.161280213221427,6.356497898768975,6.615055360432798,-2.8945619964631555,4.0231,6.3909,0.0
59,59,Al4Ca1O7,0107702,1,0.8876203289788002,7.161280213221427,6.356497898768975,6.615055360432798,-2.8945619964631555,4.0231,6.2107,0.0
60,60,Al4Ca1O7,0107702,1,0.8876203289788002,7.986851631586046,7.0892918727332725,7.377656525848766,-2.8945619964631555,4.0231,6.7006,0.0
61,61,Al2Ca2O5,0107847,1,0.8226262812672677,10.834705130882886,8.912913190445572,8.912913190445572,-2.8945619964631555,3.5745,6.0239,0.0
62,62,Al2Ca2O5,0107847,1,0.8226262812672677,8.997992672052156,7.40198525068039,7.40198525068039,-2.8945619964631555,3.5745,6.5147,0.0
63,63,Al2Ca2O5,0107847,1,0.8226262812672677,12.671417589713617,10.423841130210755,10.423841130210755,-2.8945619964631555,3.5745,6.6988,0.0
64,64,Al6Ca5O14,0107855,1,1.058122559179428,8.997992672052156,9.520979033629567,9.520979033629567,-2.8945619964631555,4.2323,6.6404,0.0
65,65,Al6Ca5O14,0107855,1,1.058122559179428,7.161280213221427,7.577512146214857,7.577512146214857,-2.8945619964631555,4.2323,6.1511,0.0
66,66,Al6Ca5O14,0107855,1,1.058122559179428,5.3245677543906975,5.634045258800145,5.634045258800145,-2.8945619964631555,4.2323,6.3502,0.0
67,67,Al6Ca5O14,0107855,1,1.058122559179428,8.997992672052156,9.520979033629567,9.520979033629567,-2.8945619964631555,4.2323,6.5272,0.0
68,68,Al6Ca5O14,0107855,1,1.058122559179428,8.997992672052156,9.520979033629567,9.520979033629567,-2.8945619964631555,4.2323,6.5428,0.0
69,69,Al6Ca5O14,0107855,1,1.058122559179428,8.172421253687538,8.647423291644207,8.647423291644207,-2.8945619964631555,4.2323,6.2626,0.0
70,70,Al6Ca5O14,0107855,1,1.058122559179428,10.009133712518269,10.59089017905892,10.59089017905892,-2.8945619964631555,4.2323,6.1399,0.0
71,71,Al6Ca5O14,0107855,1,1.058122559179428,7.161280213221427,7.577512146214857,7.577512146214857,-2.8945619964631555,4.2323,6.1143,0.0
72,72,Al6Ca5O14,0107855,1,1.058122559179428,8.172421253687538,8.647423291644207,8.647423291644207,-2.8945619964631555,4.2323,6.3765,0.0
73,73,Al2Ba1O4,0108143,1,0.8033978413947505,5.3245677543906975,4.2777462402375805,4.83093714306503,-2.8945619964631555,4.1114,6.1846,0.0
74,74,Al2Ba1O4,0108143,1,0.8033978413947505,5.3245677543906975,4.2777462402375805,4.83093714306503,-2.8945619964631555,4.1114,6.1484,0.0
75,75,Al2Ba1O4,0108143,1,0.8033978413947505,5.3245677543906975,4.2777462402375805,4.83093714306503,-2.8945619964631555,4.1114,6.1849,0.0
76,76,Al2Ba1O4,0108143,1,0.8033978413947505,5.3245677543906975,4.2777462402375805,4.83093714306503,-2.8945619964631555,4.1114,6.1409,0.0
77,77,Al2Ba1O4,0108143,1,0.8033978413947505,5.3245677543906975,4.2777462402375805,4.83093714306503,-2.8945619964631555,4.1114,6.0963,0.0
78,78,Al2Ba1O4,0108143,1,0.8033978413947505,5.3245677543906975,4.2777462402375805,4.83093714306503,-2.8945619964631555,4.1114,6.1325,0.0
79,79,Ba3O9Y4,0108190,1,0.7672731194436933,11.137650333587295,8.545619714724616,8.545619714724618,-2.8403280769497066,3.2395,6.3296,0.0
80,80,Ba3O9Y4,0108190,1,0.7672731194436933,10.767759410606288,8.261812352395069,8.26181235239507,-2.8403280769497066,3.2395,6.129,0.0
81,81,Ba3O9Y4,0108190,1,0.7672731194436933,10.767759410606288,8.261812352395069,8.26181235239507,-2.8403280769497066,3.2395,6.1053,0.0
82,82,Al2O5Ti1,0108321,1,0.8762186949568158,11.93585791389994,10.458421844507388,10.458421844507388,-1.9122077365342869,3.0905,5.8592,0.0
83,83,Al2O5Ti1,0108321,1,0.8762186949568158,8.630212834145318,7.561953826734374,7.561953826734374,-1.9122077365342869,3.0905,6.3778,0.0
84,84,Al2O5Ti1,0108321,1,0.8762186949568158,11.292496711340668,9.894696731215054,9.894696731215054,-1.9122077365342869,3.0905,6.4249,0.0
85,85,Al4O7Sr1,0108427,1,0.9162357629399184,7.06717568576224,6.4751991062748075,6.626333399248885,-2.8945619964631555,3.7524,6.1601,0.0
86,86,Al4O7Sr1,0108427,1,0.9162357629399184,5.3245677543906975,4.8785593987694496,4.99242734527793,-2.8945619964631555,3.7524,6.3726,0.0
87,87,Al4O7Sr1,0108427,1,0.9162357629399184,7.06717568576224,6.4751991062748075,6.626333399248885,-2.8945619964631555,3.7524,6.1625,0.0
88,88,Al4O7Sr1,0108427,1,0.9162357629399184,7.986851631586046,7.317839098154173,7.488641017916896,-2.8945619964631555,3.7524,6.7311,0.0
89,89,Al5O12Y3,0108446,1,0.8732481526367353,11.371890011028288,9.930481944118595,9.930481944118602,-2.8945619964631555,4.8435,6.6039,0.0
90,90,Al1O3Y1,0108689,1,0.5002422237923497,7.986851631586046,3.9953604212841607,4.500303797891954,-2.8945619964631555,3.3479,3.5762,0.0
91,91,Al1O3Y1,0108689,1,0.5002422237923497,11.733267262151736,5.869475707568758,6.611274336525641,-2.8945619964631555,3.3479,5.1251,0.0
92,92,Ba1O4Y2,0108927,1,0.6255722305544749,12.46453543625619,7.79746723568408,7.79746723568408,-2.8403280769497066,3.4285,6.5688,0.0
93,93,Ba1O4Y2,0108927,1,0.6255722305544749,12.46453543625619,7.79746723568408,7.79746723568408,-2.8403280769497066,3.4285,6.5873,0.0
94,94,Ba1O4Y2,0108927,1,0.6255722305544749,12.46453543625619,7.79746723568408,7.79746723568408,-2.8403280769497066,3.4285,6.6636,0.0
95,95,Ba1O4Y2,0108927,1,0.6255722305544749,12.46453543625619,7.79746723568408,7.79746723568408,-2.8403280769497066,3.4285,6.6262,0.0
96,96,Al2O4Sr1,0108933,1,0.8973896106341682,8.809783617133782,7.905808289950958,7.90580828995096,-2.8945619964631555,4.1372,6.2968,0.0
97,97,Al2O4Sr1,0108933,1,0.8973896106341682,8.809783617133782,7.905808289950958,7.90580828995096,-2.8945619964631555,4.1372,6.2432,0.0
98,98,Al2O4Sr1,0108933,1,0.8973896106341682,7.06717568576224,6.3420100369294365,6.342010036929437,-2.8945619964631555,4.1372,6.2372,0.0
99,99,Al2O4Sr1,0108933,1,0.8973896106341682,8.809783617133782,7.905808289950958,7.90580828995096,-2.8945619964631555,4.1372,6.3469,0.0
100,100,Al2O4Sr1,0108933,1,0.8973896106341682,7.06717568576224,6.3420100369294365,6.342010036929437,-2.8945619964631555,4.1372,6.263,0.0
101,101,Al2O4Sr1,0108933,1,0.8973896106341682,7.06717568576224,6.3420100369294365,6.342010036929437,-2.8945619964631555,4.1372,6.3343,0.0
102,102,Al2O4Sr1,0108933,1,0.8973896106341682,8.809783617133782,7.905808289950958,7.90580828995096,-2.8945619964631555,4.1372,6.2482,0.0
103,103,Al2O4Sr1,0108933,1,0.8973896106341682,7.06717568576224,6.3420100369294365,6.342010036929437,-2.8945619964631555,4.1372,6.2083,0.0
104,104,Al2O9Y4,0109092,1,0.8035392768233998,8.709606133832938,6.998510614196766,6.998510614196766,-2.8945619964631555,4.122,6.1713,0.0
105,105,Al2O9Y4,0109092,1,0.8035392768233998,8.709606133832938,6.998510614196766,6.998510614196766,-2.8945619964631555,4.122,6.1876,0.0
106,106,Al2O9Y4,0109092,1,0.8035392768233998,12.09464451327518,9.718521905633237,9.718521905633237,-3.290655589970924,4.122,6.7059,0.0
107,107,Al2O9Y4,0109092,1,0.8035392768233998,12.09464451327518,9.718521905633237,9.718521905633237,-3.290655589970924,4.122,6.7954,0.0
108,108,Al2O9Y4,0109092,1,0.8035392768233998,11.733267262151736,9.428141090605076,9.428141090605076,-2.8945619964631555,4.122,6.3322,0.0
109,109,Al2O9Y4,0109092,1,0.8035392768233998,11.733267262151736,9.428141090605076,9.428141090605076,-2.8945619964631555,4.122,6.1492,0.0
110,110,Al2O9Y4,0109092,1,0.8035392768233998,11.733267262151736,9.428141090605076,9.428141090605076,-2.8945619964631555,4.122,6.1696,0.0
111,111,Al2O9Y4,0109092,1,0.8035392768233998,11.733267262151736,9.428141090605076,9.428141090605076,-2.8945619964631555,4.122,6.2906,0.0
112,112,Al2O9Y4,0109092,1,0.8035392768233998,11.371890011028288,9.137760275576913,9.137760275576913,-2.8945619964631555,4.122,5.7929,0.0
113,113,Ba1O5Ti2,0109333,1,0.5529393971486672,3.305645079754621,1.827821397586978,2.945084445035141,-1.9122077365342869,2.9058,5.5111,0.0
114,114,Ba1O5Ti2,0109333,1,0.5529393971486672,9.916935239263864,5.483464192760935,8.835253335105424,-1.9122077365342869,2.9058,5.4485,0.0
115,115,Ba1O5Ti2,0109333,1,0.5529393971486672,10.004842210809048,5.532071420612294,8.913571922933698,-1.9122077365342869,2.9058,5.8221,0.0
116,116,Ba1O5Ti2,0109333,1,0.5529393971486672,6.611290159509242,3.655642795173956,5.890168890070282,-1.9122077365342869,2.9058,6.0078,0.0
117,117,Ba1O5Ti2,0109333,1,0.5529393971486672,9.916935239263864,5.483464192760935,8.835253335105424,-1.9122077365342869,2.9058,5.5756,0.0
118,118,Ba4O30Ti13,0109458,1,0.6960991216427224,6.611290159509242,4.602113272959557,5.53761730485572,-1.9122077365342869,2.6742,5.8796,0.0
119,119,Ba4O30Ti13,0109458,1,0.6960991216427224,9.916935239263864,6.9031699094393355,8.306425957283581,-1.9122077365342869,2.6742,5.5618,0.0
120,120,Ba4O30Ti13,0109458,1,0.6960991216427224,13.222580319018483,9.204226545919116,11.07523460971144,-1.9122077365342869,2.6742,5.454,0.0
121,121,Ba4O30Ti13,0109458,1,0.6960991216427224,11.613711264913764,8.084294210518662,9.727645727616682,-1.9122077365342869,2.6742,5.573,0.0
122,122,Ba4O30Ti13,0109458,1,0.6960991216427224,6.611290159509242,4.602113272959557,5.53761730485572,-1.9122077365342869,2.6742,5.0833,0.0
123,123,Ba4O30Ti13,0109458,1,0.6960991216427224,6.611290159509242,4.602113272959557,5.53761730485572,-1.9122077365342869,2.6742,5.4196,0.0
124,124,Ba4O30Ti13,0109458,1,0.6960991216427224,11.613711264913764,8.084294210518662,9.727645727616682,-1.9122077365342869,2.6742,5.2835,0.0
125,125,Ba4O30Ti13,0109458,1,0.6960991216427224,6.611290159509242,4.602113272959557,5.53761730485572,-1.9122077365342869,2.6742,5.0505,0.0
126,126,Ba4O30Ti13,0109458,1,0.6960991216427224,9.916935239263864,6.9031699094393355,8.306425957283581,-1.9122077365342869,2.6742,5.9937,0.0
127,127,In1O3Y1,0109668,1,0.7469000062438595,10.940673151558505,8.171588845211073,8.17158884521107,-1.5993795332042406,2.0438,4.5724,0.0
128,128,In1O3Y1,0109668,1,0.7469000062438595,10.940673151558505,8.171588845211073,8.17158884521107,-1.5993795332042406,2.0438,4.4242,0.0
129,129,In1O3Y1,0109668,1,0.7469000062438595,8.632730428125155,6.447786410668235,6.447786410668234,-1.5993795332042406,2.0438,3.9393,0.0
130,130,In1O3Y1,0109668,1,0.7469000062438595,8.632730428125155,6.447786410668235,6.447786410668234,-1.5993795332042406,2.0438,3.7667,0.0
131,131,Ba3In2O6,0109684,1,0.7220691510749713,10.526483635803851,7.600849102709464,6.599464352683325,-1.5993795332042406,0.8592,3.6078,0.0
132,132,Ba3In2O6,0109684,1,0.7220691510749713,10.353569894851631,7.475993424570898,6.491057964663881,-1.5993795332042406,0.8592,3.9611,0.0
133,133,Ca3O7Ti2,0109710,1,0.8037902148201964,10.2847150771707,8.26675334124355,8.26675334124355,-1.9122077365342869,2.5897,5.5141,0.0
134,134,Ca3O7Ti2,0109710,1,0.8037902148201964,8.81578245624681,7.086039674314742,7.086039674314742,-1.9122077365342869,2.5897,5.7494,0.0
135,135,Ca3O7Ti2,0109710,1,0.8037902148201964,12.12142753600143,9.743084843090037,9.743084843090037,-1.9122077365342869,2.5897,5.7714,0.0
136,136,Ca3O7Ti2,0109710,1,0.8037902148201964,12.12142753600143,9.743084843090037,9.743084843090037,-1.9122077365342869,2.5897,5.9078,0.0
137,137,Ca1In2O4,0109770,1,0.7381829394379394,7.44578175863709,5.496349065004118,5.496349065004118,-1.5993795332042406,2.02,4.4374,0.0
138,138,In2O5Ti1,0110156,1,0.7966646906062232,7.045024612958862,5.612522353596099,5.612522353596099,-1.5993795332042406,1.9703,4.4726,0.0
139,139,In2O5Ti1,0110156,1,0.7966646906062232,8.914714379560982,7.102038173035799,7.102038173035799,-1.5993795332042406,1.9703,4.0504,0.0
140,140,In2O5Ti1,0110156,1,0.7966646906062232,8.914714379560982,7.102038173035799,7.102038173035799,-1.5993795332042406,1.9703,4.1145,0.0
141,141,In2O5Ti1,0110156,1,0.7966646906062232,7.4787590664084815,5.9580632777588,5.9580632777588,-1.5993795332042406,1.9703,3.9906,0.0
142,142,In2O5Ti1,0110156,1,0.7966646906062232,9.916935239263864,7.900472144150098,7.900472144150098,-1.9122077365342869,1.9703,4.7203,0.0
143,143,Ba2In2O5,0110289,1,0.7645729211788466,10.526483635803851,8.048264343167876,8.048264343167876,-1.5993795332042406,0.9164,3.8319,0.0
144,144,Ba2In2O5,0110289,1,0.7645729211788466,8.829707610153948,6.750955340650497,6.750955340650497,-1.5993795332042406,0.9164,3.0675,0.0
145,145,Ba2In2O5,0110289,1,0.7645729211788466,7.132931584504046,5.453646338133117,5.453646338133117,-1.5993795332042406,0.9164,3.5441,0.0
146,146,In1La1O3,0110733,1,0.7932478878262375,9.629850776479207,7.638858788523983,7.638858788523985,-1.5993795332042406,2.647,4.7424,0.0
147,147,In1La1O3,0110733,1,0.7932478878262375,12.57508639811669,9.975160724538512,9.975160724538515,-1.5993795332042406,2.647,4.6469,0.0
148,148,La2O5Ti1,0110854,1,0.8582860360277743,12.14135194466707,10.420752832606407,10.420752832606407,-1.9122077365342869,3.4608,6.2634,0.0
149,149,La2O5Ti1,0110854,1,0.8582860360277743,9.196116323029589,7.892898225743376,7.892898225743376,-1.9122077365342869,3.4608,6.0535,0.0
150,150,La2O5Ti1,0110854,1,0.8582860360277743,12.501761402784208,10.730087237760683,10.730087237760683,-1.9122077365342869,3.4608,5.6119,0.0
151,151,La2O5Ti1,0110854,1,0.8582860360277743,11.780942486549932,10.111418427452133,10.111418427452133,-3.100471243274967,3.4608,6.7189,0.0
152,152,La2O5Ti1,0110854,1,0.8582860360277743,12.14135194466707,10.420752832606407,10.420752832606407,-1.9122077365342869,3.4608,5.9992,0.0
153,153,La4O12Ti3,0111085,1,0.8542774674936183,12.14135194466707,10.372083391238904,10.3720833912389,-1.9122077365342869,3.0176,5.8879,0.0
154,154,La4O12Ti3,0111085,1,0.8542774674936183,9.556525781146725,8.163924642355497,8.163924642355495,-1.9122077365342869,3.0176,5.7683,0.0
155,155,In2O4Sr1,0111316,1,0.6518894034682012,9.094285162549443,5.928468129584071,5.928468129584069,-1.5993795332042406,1.8126,4.4539,0.0
156,156,In2O4Sr1,0111316,1,0.6518894034682012,9.094285162549443,5.928468129584071,5.928468129584069,-1.5993795332042406,1.8126,4.4839,0.0
157,157,In2O4Sr1,0111316,1,0.6518894034682012,9.094285162549443,5.928468129584071,5.928468129584069,-1.5993795332042406,1.8126,4.2635,0.0
158,158,In2O4Sr1,0111316,1,0.6518894034682012,9.094285162549443,5.928468129584071,5.928468129584069,-1.5993795332042406,1.8126,4.3469,0.0
159,159,O7Sr3Ti2,0111479,1,0.5336687892297798,6.611290159509242,3.5282392146720545,5.004805868654164,-1.9122077365342869,2.0175,5.1173,0.0
160,160,O7Sr3Ti2,0111479,1,0.5336687892297798,12.01868473661233,6.4139969315223375,9.098251998028577,-1.9122077365342869,2.0175,5.393,0.0
161,161,O7Sr3Ti2,0111479,1,0.5336687892297798,6.611290159509242,3.5282392146720545,5.004805868654164,-1.9122077365342869,2.0175,5.4334,0.0
162,162,La1O3Y1,0111508,1,0.7384967263805804,11.937793499912557,8.816021419892794,8.816021419892794,-3.100471243274967,4.4902,6.6611,0.0
163,163,La1O3Y1,0111508,1,0.7384967263805804,11.937793499912557,8.816021419892794,8.816021419892794,-3.100471243274967,4.4902,6.5344,0.0
164,164,La2O3,0111542,1,0.796427297234365,11.780942486549932,9.382664183436464,9.382664183436464,-3.100471243274967,3.4842,6.5007,0.0
165,165,La2O7Ti2,0111567,1,0.6932498715231931,9.556525781146725,6.625060269988049,7.050020584723316,-1.9122077365342869,2.9208,5.9762,0.0
166,166,La2O7Ti2,0111567,1,0.6932498715231931,12.501761402784208,8.666844486293765,9.222773762490924,-1.9122077365342869,2.9208,5.71,0.0
167,167,La2O7Ti2,0111567,1,0.6932498715231931,15.446997024421693,10.708628702599484,11.395526940258534,-1.9122077365342869,2.9208,5.684,0.0
168,168,La2O7Ti2,0111567,1,0.6932498715231931,15.446997024421693,10.708628702599484,11.395526940258534,-1.9122077365342869,2.9208,5.7062,0.0
169,169,La2O7Ti2,0111567,1,0.6932498715231931,12.501761402784208,8.666844486293765,9.222773762490924,-1.9122077365342869,2.9208,5.7495,0.0
170,170,La2O7Ti2,0111567,1,0.6932498715231931,12.501761402784208,8.666844486293765,9.222773762490924,-1.9122077365342869,2.9208,5.7906,0.0
171,171,La2O7Ti2,0111567,1,0.6932498715231931,12.501761402784208,8.666844486293765,9.222773762490924,-1.9122077365342869,2.9208,6.0004,0.0
172,172,La2O7Ti2,0111567,1,0.6932498715231931,12.501761402784208,8.666844486293765,9.222773762490924,-1.9122077365342869,2.9208,5.9466,0.0
173,173,La2O7Ti2,0111567,1,0.6932498715231931,12.14135194466707,8.416990675758317,8.95689323678068,-1.9122077365342869,2.9208,6.2802,0.0
174,174,La2O7Ti2,0111567,1,0.6932498715231931,9.196116323029589,6.375206459452599,6.784140059013071,-1.9122077365342869,2.9208,5.7207,0.0
175,175,La2O7Ti2,0111567,1,0.6932498715231931,12.14135194466707,8.416990675758317,8.95689323678068,-1.9122077365342869,2.9208,5.8706,0.0
176,176,La2O7Ti2,0111567,1,0.6932498715231931,12.14135194466707,8.416990675758317,8.95689323678068,-1.9122077365342869,2.9208,6.1468,0.0
177,177,La2O7Ti2,0111567,1,0.6932498715231931,12.501761402784208,8.666844486293765,9.222773762490924,-1.9122077365342869,2.9208,5.5873,0.0
178,178,La2O7Ti2,0111567,1,0.6932498715231931,12.501761402784208,8.666844486293765,9.222773762490924,-1.9122077365342869,2.9208,5.9513,0.0
179,179,O4Sr1Y2,0111982,1,0.6462166891231791,12.55619924769947,8.114025505819303,8.114025505819303,-3.067823794114626,3.9198,6.6199,0.0
180,180,O4Sr1Y2,0111982,1,0.6462166891231791,12.55619924769947,8.114025505819303,8.114025505819303,-3.067823794114626,3.9198,6.6208,0.0
181,181,O4Sr1Y2,0111982,1,0.6462166891231791,12.55619924769947,8.114025505819303,8.114025505819303,-3.067823794114626,3.9198,6.6705,0.0
182,182,O4Sr1Y2,0111982,1,0.6462166891231791,12.55619924769947,8.114025505819303,8.114025505819303,-3.067823794114626,3.9198,6.6572,0.0
183,183,O7Ti2Y2,0112035,1,0.7611407861835616,12.65861241614683,9.634986206418994,9.634986206418995,-1.9122077365342869,2.8858,5.5218,0.0
184,184,O7Ti2Y2,0112035,1,0.7611407861835616,12.09464451327518,9.20572723344497,9.205727233444971,-3.290655589970924,2.8858,6.9369,0.0
185,185,O5Ti1Y2,0112334,1,0.6129158598390783,12.09464451327518,7.412999441302047,7.412999441302048,-3.290655589970924,3.4185,6.5839,0.0
186,186,O5Ti1Y2,0112334,1,0.6129158598390783,12.376628464711006,7.585831877357157,7.585831877357158,-1.9122077365342869,3.4185,6.2371,0.0
187,187,O5Ti1Y2,0112334,1,0.6129158598390783,12.376628464711006,7.585831877357157,7.585831877357158,-1.9122077365342869,3.4185,5.8786,0.0
188,188,O5Ti1Y2,0112334,1,0.6129158598390783,9.352967336392211,5.732582017031645,5.732582017031646,-1.9122077365342869,3.4185,6.1246,0.0
189,189,O5Ti1Y2,0112334,1,0.6129158598390783,12.65861241614683,7.758664313412267,7.758664313412269,-1.9122077365342869,3.4185,5.658,0.0
190,190,Al1Fe1O3,0113386,1,0.7525445021619432,11.548052646345075,8.690423529683667,8.690423529683665,-1.2626789622871115,1.9542,4.6654,0.0
191,191,Al1Fe1O3,0113386,1,0.7525445021619432,9.473557682360283,7.129273749774272,7.129273749774271,-1.2626789622871115,1.9542,5.5057,0.0
192,192,Al1Fe1O3,0113386,1,0.7525445021619432,6.811273805164934,5.12578665479653,5.12578665479653,-1.2626789622871115,1.9542,3.7559,0.0
193,193,Al1Fe1O3,0113386,1,0.7525445021619432,10.06134659557084,7.571611064842619,7.571611064842619,-1.2626789622871115,1.9542,4.4172,0.0
194,194,Al1Fe1O3,0113386,1,0.7525445021619432,6.223484891954378,4.683449339728182,4.683449339728182,-1.2626789622871115,1.9542,3.3084,0.0
195,195,Al1Fe1O3,0113386,1,0.7525445021619432,7.39906271837549,5.568123969864878,5.568123969864876,-1.2626789622871115,1.9542,5.9504,0.0
206,206,Ba1Mn3O6,0117270,1,0.7903454316691034,8.14562634012733,6.437858566003155,6.437858566003154,-0.433744681701679,0.0939,1.8772,0.0
207,207,Ba1Mn3O6,0117270,1,0.7903454316691034,7.856668893177051,6.209482367859234,6.209482367859233,-0.5156224113418986,0.0939,1.7261,0.0
208,208,Ba1Mn3O6,0117270,1,0.7903454316691034,8.14562634012733,6.437858566003155,6.437858566003154,-0.433744681701679,0.0939,1.5426,0.0
209,209,Ba1Mn3O6,0117270,1,0.7903454316691034,8.43458378707761,6.666234764147076,6.666234764147075,-0.433744681701679,0.0939,1.5668,0.0
213,213,Ba1Mn3O6,0117270,1,0.7903454316691034,6.181459116833068,4.885487974038346,4.8854879740383454,-0.433744681701679,0.0939,2.3141,0.0
214,214,Ba1Mn3O6,0117270,1,0.7903454316691034,6.181459116833068,4.885487974038346,4.8854879740383454,-0.433744681701679,0.0939,2.5242,0.0
215,215,Ba1Mn3O6,0117270,1,0.7903454316691034,6.181459116833068,4.885487974038346,4.8854879740383454,-0.433744681701679,0.0939,2.3704,0.0
216,216,Ba1Mn3O6,0117270,1,0.7903454316691034,4.217291893538805,3.333117382073538,3.333117382073538,-0.433744681701679,0.0939,1.2961,0.0
217,217,Ba1Mn3O6,0117270,1,0.7903454316691034,4.217291893538805,3.333117382073538,3.333117382073538,-0.433744681701679,0.0939,1.4482,0.0
218,218,Ca2Co1O3,0117717,1,0.9613725012891152,10.498045461292564,10.092532223769677,10.092532223769677,-1.2318970816502175,0.8107,4.0287,0.0
219,219,Ca2Co1O3,0117717,1,0.9613725012891152,10.75916010713847,10.343560663969775,10.343560663969775,-1.2318970816502175,0.8107,4.9227,0.0
220,220,Co1Nb2O6,0119208,1,0.8291353059254426,11.140983824417749,9.23738303156902,9.23738303156902,-1.2318970816502175,2.5662,6.025,0.0
221,221,Co1Nb2O6,0119208,1,0.8291353059254426,7.933888631686109,6.578267177811454,6.578267177811455,-1.2318970816502175,2.5662,5.1892,0.0
222,222,Co1Nb2O6,0119208,1,0.8291353059254426,14.348079017149388,11.89649888532658,11.896498885326585,-1.6041816447738562,2.5662,5.7406,0.0
223,223,Fe2O6Sr3,0124041,1,0.7532163361270148,11.119421653455753,8.375330037667336,8.375330037667336,-1.2626789622871115,0.0784,3.4211,0.0
224,224,Fe2O6Sr3,0124041,1,0.7532163361270148,10.787534620842502,8.125347302954314,8.125347302954314,-1.2626789622871115,0.0784,4.1241,0.0
228,228,Mn1O2,0125667,1,0.8949474215036711,6.759374010733628,6.049284341884988,6.049284341884988,-0.433744681701679,1.3886,2.7443,0.0
229,229,Mn1O2,0125667,1,0.8949474215036711,6.759374010733628,6.049284341884988,6.049284341884988,-0.433744681701679,1.3886,2.145,0.0
230,230,Mg4Nb2O9,0126437,1,0.8400941382730905,13.013767536815086,10.932789824526989,10.932789824526989,-1.6041816447738562,3.656,5.7126,0.0
231,231,Mg4Nb2O9,0126437,1,0.8400941382730905,9.955265293789704,8.363360018266267,8.363360018266267,-1.6041816447738562,3.656,6.2767,0.0
232,232,La1Mn1O3,0126619,1,0.8246744842206066,9.818805689863492,8.097318517950534,8.097318517950534,-0.5156224113418986,1.0121,3.7311,0.0
233,233,La1Mn1O3,0126619,1,0.8246744842206066,12.764041311500977,10.526179185132582,10.526179185132582,-0.5156224113418986,1.0121,4.034,0.0
234,234,Mn1O3Sr1,0126839,1,0.592413270068752,4.506249340489085,2.669561907544296,3.8103633831040926,-0.433744681701679,1.8446,2.6833,0.0
235,235,Mn1O3Sr1,0126839,1,0.592413270068752,4.506249340489085,2.669561907544296,3.8103633831040926,-0.433744681701679,1.8446,2.6973,0.0
236,236,Mn1O3Sr1,0126839,1,0.592413270068752,4.506249340489085,2.669561907544296,3.8103633831040926,-0.433744681701679,1.8446,1.9142,0.0
237,237,Mn1O3Sr1,0126839,1,0.592413270068752,4.506249340489085,2.669561907544296,3.8103633831040926,-0.433744681701679,1.8446,1.9025,0.0
238,238,Ba1Nb2O6,0133995,1,0.8964388351613081,12.95893806273273,11.616895341883668,11.616895341883666,-1.6041816447738562,2.5495,5.2003,0.0
239,239,Ba1Nb2O6,0133995,1,0.8964388351613081,9.565386011432926,8.574783493957202,8.574783493957202,-1.6041816447738562,2.5495,5.4784,0.0
240,240,Ba1Nb2O6,0133995,1,0.8964388351613081,9.565386011432926,8.574783493957202,8.574783493957202,-1.6041816447738562,2.5495,5.3742,0.0
241,241,Ba1Mn2O3,0134600,1,0.6389244402837481,9.733023624170794,6.218666671341822,6.21866667134182,-1.994603679653242,0.7685,4.7909,0.0
242,242,Ba1Mn2O3,0134600,1,0.6389244402837481,9.956839889035104,6.3616683530966505,6.361668353096649,-1.994603679653242,0.7685,5.4596,0.0
243,243,Co1Mn1O3,0136261,1,0.8238392388534075,7.657444966458732,6.308503632729218,6.308503632729218,-0.433744681701679,1.0907,2.7537,0.0
252,252,Co1O3Sr1,0136293,1,0.8345634941826263,8.71303965685771,7.271584820978962,7.271584820978962,-3.067823794114626,0.4887,0.2835,0.0
253,253,Co1O3Sr1,0136293,1,0.8345634941826263,8.71303965685771,7.271584820978962,7.271584820978962,-3.067823794114626,0.4887,0.2988,0.0
254,254,Co1O3Sr1,0136293,1,0.8345634941826263,8.71303965685771,7.271584820978962,7.271584820978962,-3.067823794114626,0.4887,0.3353,0.0
255,255,Co1O3Sr1,0136293,1,0.8345634941826263,8.71303965685771,7.271584820978962,7.271584820978962,-3.067823794114626,0.4887,0.3052,0.0
256,256,Co1O3Ti1,0136734,1,0.8087742478707923,9.762485785478887,7.895647098499989,7.895647098499989,-1.2318970816502175,2.1713,5.3321,0.0
259,259,Fe2O5Sr2,0143474,1,0.7943680478918963,11.119421653455753,8.832913272542529,8.832913272542527,-1.2626789622871115,1.6374,3.6862,0.0
260,260,Fe2O5Sr2,0143474,1,0.7943680478918963,11.119421653455753,8.832913272542529,8.832913272542527,-1.2626789622871115,1.6374,3.695,0.0
261,261,Fe2O5Sr2,0143474,1,0.7943680478918963,9.376813722084211,7.44864121185798,7.4486412118579794,-1.2626789622871115,1.6374,3.7262,0.0
262,262,Fe2O5Sr2,0143474,1,0.7943680478918963,9.376813722084211,7.44864121185798,7.4486412118579794,-1.2626789622871115,1.6374,3.674,0.0
263,263,Fe2O5Sr2,0143474,1,0.7943680478918963,7.634205790712668,6.064369151173434,6.064369151173432,-1.2626789622871115,1.6374,3.4575,0.0
264,264,Fe2O5Ti1,0143825,1,0.8724021983384287,7.454635007724206,6.503439968549206,6.5034399685492055,-1.2626789622871115,1.8818,3.4937,0.0
265,265,Fe2O5Ti1,0143825,1,0.8724021983384287,9.529129971709,8.313233935571539,8.313233935571539,-1.2626789622871115,1.8818,3.3802,0.0
266,266,Fe2O5Ti1,0143825,1,0.8724021983384287,10.760280087478826,9.387292003053748,9.387292003053746,-1.2626789622871115,1.8818,3.684,0.0
267,267,La3Nb1O7,0143911,1,0.7492798889348513,10.67316424899143,7.997187323067724,7.997187323067724,-1.6041816447738562,3.0469,6.0688,0.0
268,268,La3Nb1O7,0143911,1,0.7492798889348513,9.565386011432926,7.1671513682654435,7.1671513682654435,-1.6041816447738562,3.0469,5.9297,0.0
269,269,La3Nb1O7,0143911,1,0.7492798889348513,11.780942486549932,8.827223277870004,8.827223277870004,-3.100471243274967,3.0469,6.198,0.0
270,270,La3Nb1O7,0143911,1,0.7492798889348513,13.618399870628911,10.203993142535223,10.203993142535223,-1.6041816447738562,3.0469,6.0716,0.0
271,271,Mg1Nb2O6,0144307,1,0.8547022858317312,11.289576774124006,9.64922707491661,9.64922707491661,-1.6041816447738562,3.5232,5.5587,0.0
272,272,Mg1Nb2O6,0144307,1,0.8547022858317312,8.231074531098624,7.035118216581338,7.035118216581338,-1.6041816447738562,3.5232,5.7976,0.0
273,273,Mg1Nb2O6,0144307,1,0.8547022858317312,14.348079017149388,12.263335933251884,12.263335933251884,-1.6041816447738562,3.5232,5.892,0.0
274,274,Mn2O5Y1,0144940,1,0.7971409662163421,10.264614150176396,8.18234444150955,8.18234444150955,-0.433744681701679,1.1218,3.4069,0.0
275,275,Mn2O5Y1,0144940,1,0.7971409662163421,10.553571597126677,8.412684259966902,8.412684259966902,-0.433744681701679,1.1218,4.1797,0.0
276,276,Mn2O5Y1,0144940,1,0.7971409662163421,6.470416563783348,5.1578341114764825,5.1578341114764825,-0.433744681701679,1.1218,2.5169,0.0
277,277,Mn2O5Y1,0144940,1,0.7971409662163421,9.975656703226116,7.952004623052195,7.952004623052195,-0.5156224113418986,1.1218,4.0788,0.0
278,278,Mn2O5Sr2,0145133,1,0.518662909042946,3.9283344465885257,2.037481371761216,3.0083176887106005,-0.5156224113418986,0.6477,3.162,0.0
279,279,Mn2O5Sr2,0145133,1,0.518662909042946,10.898766172074694,5.652785767787114,8.346272830473005,-0.5156224113418986,0.6477,3.2408,0.0
280,280,Mn2O5Sr2,0145133,1,0.518662909042946,10.898766172074694,5.652785767787114,8.346272830473005,-0.5156224113418986,0.6477,3.5082,0.0
281,281,Mn4Nb2O9,0147238,1,0.7653453840939645,12.73512179786842,9.746766683873023,9.746766683873023,-1.6041816447738562,2.365,5.1592,0.0
282,282,Mn4Nb2O9,0147238,1,0.7653453840939645,9.537296685369704,7.29932599488237,7.29932599488237,-1.6041816447738562,2.365,5.6565,0.0
283,283,Ni1O3Ti1,0149539,1,0.8029260040041478,9.786061965195364,7.857483628651291,7.857483628651291,-1.242157708529182,2.2791,5.0491,0.0
284,284,Al1Nb1O4,0151582,1,0.9670988368184106,7.444976882911812,7.200028483603969,7.200028483603969,-1.6041816447738562,3.5385,5.8591,0.0
285,285,Al1Nb1O4,0151582,1,0.9670988368184106,12.227669888628274,11.825365326291909,11.825365326291909,-1.6041816447738562,3.5385,5.9759,0.0
286,286,Al1Nb1O4,0151582,1,0.9670988368184106,12.76954463730251,12.34941176543603,12.34941176543603,-1.6041816447738562,3.5385,6.3338,0.0
287,287,Al1Nb1O4,0151582,1,0.9670988368184106,12.227669888628274,11.825365326291909,11.825365326291909,-1.6041816447738562,3.5385,5.6034,0.0
288,288,Ba3Ni1O4,0154647,1,0.6919119678489,10.180656153899417,7.044117833437558,7.04411783343756,-2.8403280769497066,1.5908,3.965,0.0
289,289,Ba3Ni1O4,0154647,1,0.6919119678489,10.071266031092572,6.968429498303044,6.968429498303044,-1.242157708529182,1.5908,4.1209,0.0
310,310,Co4Nb2O9,0170357,1,0.7673699789561714,12.716581637402571,9.758322983488048,9.758322983488048,-1.2318970816502175,2.1252,4.9564,0.0
311,311,Co4Nb2O9,0170357,1,0.7673699789561714,9.509486444670934,7.297294412931131,7.297294412931131,-1.2318970816502175,2.1252,5.3286,0.0
328,328,Fe1La1O3,0174238,1,0.7706117708633439,10.03946117124455,7.736526951686544,7.736526951686544,-1.2626789622871115,1.999,4.3781,0.0
329,329,Fe1La1O3,0174238,1,0.7706117708633439,12.984696792882032,10.006160189686408,10.006160189686408,-1.2626789622871115,1.999,4.3816,0.0
330,330,Fe1La3O6,0174252,1,0.9509897643678856,11.780942486549932,11.203555719315732,11.203555719315732,-3.100471243274967,2.5923,5.2854,0.0
331,331,Fe1La3O6,0174252,1,0.9509897643678856,10.91020182889724,10.375490266469065,10.375490266469065,-1.2626789622871115,2.5923,4.98,0.0
332,332,Fe1La3O6,0174252,1,0.9509897643678856,13.855437450534724,13.176379196297995,13.176379196297995,-1.2626789622871115,2.5923,4.9114,0.0
333,333,Fe1La3O6,0174252,1,0.9509897643678856,10.91020182889724,10.375490266469065,10.375490266469065,-1.2626789622871115,2.5923,5.4253,0.0
336,336,Fe1Nb2O6,0176178,1,0.8466655253552506,14.348079017149388,12.148023858893437,12.148023858893437,-1.6041816447738562,1.6559,5.7039,0.0
337,337,In1Nb1O4,0176585,1,0.8059898057601719,11.435075778035046,9.216554505191311,9.216554505191311,-1.5993795332042406,3.229,4.5288,0.0
338,338,In1Nb1O4,0176585,1,0.8059898057601719,8.522072538920703,6.868703590318793,6.868703590318792,-1.5993795332042406,3.229,4.8115,0.0
339,339,Mn2O7Y2,0179580,1,0.7381613699366453,10.553571597126677,7.790238867859497,7.790238867859497,-0.433744681701679,1.0635,2.1894,0.0
340,340,Mn2O7Y2,0179580,1,0.7381613699366453,12.09464451327518,8.927799362815938,8.927799362815938,-3.290655589970924,1.0635,5.5944,0.0
343,343,Ba2Fe2O5,0185027,1,0.8429285026124086,10.936094030569194,9.218345365616193,9.218345365616193,-1.2626789622871115,0.866,2.9418,0.0
344,344,Ba2Fe2O5,0185027,1,0.8429285026124086,10.936094030569194,9.218345365616193,9.218345365616193,-1.2626789622871115,0.866,2.8236,0.0
345,345,Ba2Fe2O5,0185027,1,0.8429285026124086,4.148989927969585,3.4973018673373675,3.497301867337368,-1.2626789622871115,0.866,3.4347,0.0
346,346,Ba2Fe2O5,0185027,1,0.8429285026124086,4.148989927969585,3.4973018673373675,3.497301867337368,-1.2626789622871115,0.866,3.3757,0.0
347,347,Ba2Fe2O5,0185027,1,0.8429285026124086,4.148989927969585,3.4973018673373675,3.497301867337368,-1.2626789622871115,0.866,3.4238,0.0
348,348,Ba2Fe2O5,0185027,1,0.8429285026124086,10.936094030569194,9.218345365616193,9.218345365616193,-1.2626789622871115,0.866,3.196,0.0
349,349,Ba2Fe2O5,0185027,1,0.8429285026124086,10.936094030569194,9.218345365616193,9.218345365616193,-1.2626789622871115,0.866,3.0174,0.0
350,350,Ba2Fe2O5,0185027,1,0.8429285026124086,10.936094030569194,9.218345365616193,9.218345365616193,-1.2626789622871115,0.866,2.9368,0.0
351,351,Ba2Fe2O5,0185027,1,0.8429285026124086,10.936094030569194,9.218345365616193,9.218345365616193,-1.2626789622871115,0.866,3.0007,0.0
352,352,Ba2Fe2O5,0185027,1,0.8429285026124086,10.936094030569194,9.218345365616193,9.218345365616193,-1.2626789622871115,0.866,2.8887,0.0
353,353,Ba2Fe2O5,0185027,1,0.8429285026124086,10.936094030569194,9.218345365616193,9.218345365616193,-1.2626789622871115,0.866,3.3856,0.0
354,354,Ba2Fe2O5,0185027,1,0.8429285026124086,10.936094030569194,9.218345365616193,9.218345365616193,-1.2626789622871115,0.866,3.2679,0.0
355,355,Ba2Fe2O5,0185027,1,0.8429285026124086,10.936094030569194,9.218345365616193,9.218345365616193,-1.2626789622871115,0.866,3.3174,0.0
356,356,Ba2Fe2O5,0185027,1,0.8429285026124086,10.936094030569194,9.218345365616193,9.218345365616193,-1.2626789622871115,0.866,3.1745,0.0
357,357,Ba2Fe2O5,0185027,1,0.8429285026124086,10.936094030569194,9.218345365616193,9.218345365616193,-1.2626789622871115,0.866,3.0437,0.0
358,358,Ba2Fe2O5,0185027,1,0.8429285026124086,10.936094030569194,9.218345365616193,9.218345365616193,-1.2626789622871115,0.866,2.9076,0.0
359,359,Ba2Fe2O5,0185027,1,0.8429285026124086,10.936094030569194,9.218345365616193,9.218345365616193,-1.2626789622871115,0.866,2.9764,0.0
360,360,Ba2Fe2O5,0185027,1,0.8429285026124086,10.936094030569194,9.218345365616193,9.218345365616193,-1.2626789622871115,0.866,2.8792,0.0
361,361,Ba2Fe2O5,0185027,1,0.8429285026124086,4.148989927969585,3.4973018673373675,3.497301867337368,-1.2626789622871115,0.866,2.9353,0.0
362,362,Ba2Fe2O5,0185027,1,0.8429285026124086,4.148989927969585,3.4973018673373675,3.497301867337368,-1.2626789622871115,0.866,2.8587,0.0
363,363,Ba2Fe2O5,0185027,1,0.8429285026124086,4.148989927969585,3.4973018673373675,3.497301867337368,-1.2626789622871115,0.866,2.9288,0.0
364,364,Ba2Fe2O5,0185027,1,0.8429285026124086,4.148989927969585,3.4973018673373675,3.497301867337368,-1.2626789622871115,0.866,2.8928,0.0
365,365,Ba2Fe2O5,0185027,1,0.8429285026124086,4.148989927969585,3.4973018673373675,3.497301867337368,-1.2626789622871115,0.866,3.2754,0.0
366,366,Ba2Fe2O5,0185027,1,0.8429285026124086,4.148989927969585,3.4973018673373675,3.497301867337368,-1.2626789622871115,0.866,3.089,0.0
367,367,Ba2Fe2O5,0185027,1,0.8429285026124086,4.148989927969585,3.4973018673373675,3.497301867337368,-1.2626789622871115,0.866,3.1349,0.0
368,368,Ba2Fe2O5,0185027,1,0.8429285026124086,4.148989927969585,3.4973018673373675,3.497301867337368,-1.2626789622871115,0.866,3.0935,0.0
369,369,Ba2Fe2O5,0185027,1,0.8429285026124086,4.148989927969585,3.4973018673373675,3.497301867337368,-1.2626789622871115,0.866,3.1514,0.0
370,370,Ba2Fe2O5,0185027,1,0.8429285026124086,4.148989927969585,3.4973018673373675,3.497301867337368,-1.2626789622871115,0.866,3.1018,0.0
371,371,Ba2Fe2O5,0185027,1,0.8429285026124086,4.148989927969585,3.4973018673373675,3.497301867337368,-1.2626789622871115,0.866,3.1434,0.0
372,372,Ba2Fe2O5,0185027,1,0.8429285026124086,4.148989927969585,3.4973018673373675,3.497301867337368,-1.2626789622871115,0.866,3.1198,0.0
373,373,Ba2Fe2O5,0185027,1,0.8429285026124086,8.861599066584402,7.469694431947508,7.469694431947509,-1.2626789622871115,0.866,3.7062,0.0
374,374,Ba2Fe2O5,0185027,1,0.8429285026124086,8.861599066584402,7.469694431947508,7.469694431947509,-1.2626789622871115,0.866,3.6969,0.0
375,375,Ba2Fe2O5,0185027,1,0.8429285026124086,8.861599066584402,7.469694431947508,7.469694431947509,-1.2626789622871115,0.866,3.6871,0.0
376,376,Ba2Fe2O5,0185027,1,0.8429285026124086,8.861599066584402,7.469694431947508,7.469694431947509,-1.2626789622871115,0.866,3.6461,0.0
377,377,Ba2Fe2O5,0185027,1,0.8429285026124086,4.148989927969585,3.4973018673373675,3.497301867337368,-1.2626789622871115,0.866,3.3392,0.0
378,378,Ba2Fe2O5,0185027,1,0.8429285026124086,4.148989927969585,3.4973018673373675,3.497301867337368,-1.2626789622871115,0.866,3.2114,0.0
379,379,Ba2Fe2O5,0185027,1,0.8429285026124086,4.148989927969585,3.4973018673373675,3.497301867337368,-1.2626789622871115,0.866,3.2645,0.0
380,380,Ba2Fe2O5,0185027,1,0.8429285026124086,4.148989927969585,3.4973018673373675,3.497301867337368,-1.2626789622871115,0.866,3.2723,0.0
381,381,Ba2Fe2O5,0185027,1,0.8429285026124086,4.148989927969585,3.4973018673373675,3.497301867337368,-1.2626789622871115,0.866,3.8752,0.0
382,382,Ba2Fe2O5,0185027,1,0.8429285026124086,4.148989927969585,3.4973018673373675,3.497301867337368,-1.2626789622871115,0.866,3.8602,0.0
383,383,Ba2Fe2O5,0185027,1,0.8429285026124086,4.148989927969585,3.4973018673373675,3.497301867337368,-1.2626789622871115,0.866,3.8978,0.0
384,384,Ba2Fe2O5,0185027,1,0.8429285026124086,4.148989927969585,3.4973018673373675,3.497301867337368,-1.2626789622871115,0.866,3.9052,0.0
385,385,Ba2Fe2O5,0185027,1,0.8429285026124086,4.148989927969585,3.4973018673373675,3.497301867337368,-1.2626789622871115,0.866,3.7097,0.0
386,386,Ba2Fe2O5,0185027,1,0.8429285026124086,4.148989927969585,3.4973018673373675,3.497301867337368,-1.2626789622871115,0.866,3.5205,0.0
387,387,Ba2Fe2O5,0185027,1,0.8429285026124086,4.148989927969585,3.4973018673373675,3.497301867337368,-1.2626789622871115,0.866,3.6207,0.0
388,388,Ba2Fe2O5,0185027,1,0.8429285026124086,4.148989927969585,3.4973018673373675,3.497301867337368,-1.2626789622871115,0.866,3.7287,0.0
389,389,Ba2Fe2O5,0185027,1,0.8429285026124086,2.0744949639847925,1.7486509336686835,1.748650933668684,-1.2626789622871115,0.866,3.4671,0.0
390,390,Ba2Fe2O5,0185027,1,0.8429285026124086,2.0744949639847925,1.7486509336686835,1.748650933668684,-1.2626789622871115,0.866,3.5437,0.0
391,391,Ba2Fe2O5,0185027,1,0.8429285026124086,2.0744949639847925,1.7486509336686835,1.748650933668684,-1.2626789622871115,0.866,3.456,0.0
392,392,Ba2Fe2O5,0185027,1,0.8429285026124086,2.0744949639847925,1.7486509336686835,1.748650933668684,-1.2626789622871115,0.866,3.5422,0.0
393,393,Ba2Fe2O5,0185027,1,0.8429285026124086,7.1648230409345,6.0394335573778015,6.039433557377803,-1.2626789622871115,0.866,3.1538,0.0
394,394,Ba2Fe2O5,0185027,1,0.8429285026124086,7.1648230409345,6.0394335573778015,6.039433557377803,-1.2626789622871115,0.866,3.448,0.0
395,395,Ba2Fe2O5,0185027,1,0.8429285026124086,7.1648230409345,6.0394335573778015,6.039433557377803,-1.2626789622871115,0.866,3.2867,0.0
396,396,Ba2Fe2O5,0185027,1,0.8429285026124086,7.1648230409345,6.0394335573778015,6.039433557377803,-1.2626789622871115,0.866,3.3637,0.0
397,397,Ba2Fe2O5,0185027,1,0.8429285026124086,4.148989927969585,3.4973018673373675,3.497301867337368,-1.2626789622871115,0.866,3.1687,0.0
398,398,Ba2Fe2O5,0185027,1,0.8429285026124086,4.148989927969585,3.4973018673373675,3.497301867337368,-1.2626789622871115,0.866,3.4226,0.0
399,399,Ba2Fe2O5,0185027,1,0.8429285026124086,4.148989927969585,3.4973018673373675,3.497301867337368,-1.2626789622871115,0.866,3.346,0.0
400,400,Ba2Fe2O5,0185027,1,0.8429285026124086,4.148989927969585,3.4973018673373675,3.497301867337368,-1.2626789622871115,0.866,3.3894,0.0
401,401,Ba2Fe2O5,0185027,1,0.8429285026124086,4.148989927969585,3.4973018673373675,3.497301867337368,-1.2626789622871115,0.866,3.3763,0.0
402,402,Ba2Fe2O5,0185027,1,0.8429285026124086,4.148989927969585,3.4973018673373675,3.497301867337368,-1.2626789622871115,0.866,3.6128,0.0
403,403,Ba2Fe2O5,0185027,1,0.8429285026124086,4.148989927969585,3.4973018673373675,3.497301867337368,-1.2626789622871115,0.866,3.5989,0.0
404,404,Ba2Fe2O5,0185027,1,0.8429285026124086,4.148989927969585,3.4973018673373675,3.497301867337368,-1.2626789622871115,0.866,3.456,0.0
405,405,Ba2Fe2O5,0185027,1,0.8429285026124086,4.148989927969585,3.4973018673373675,3.497301867337368,-1.2626789622871115,0.866,3.3509,0.0
406,406,Ba2Fe2O5,0185027,1,0.8429285026124086,4.148989927969585,3.4973018673373675,3.497301867337368,-1.2626789622871115,0.866,3.3174,0.0
407,407,Ba2Fe2O5,0185027,1,0.8429285026124086,4.148989927969585,3.4973018673373675,3.497301867337368,-1.2626789622871115,0.866,3.3624,0.0
408,408,Ba2Fe2O5,0185027,1,0.8429285026124086,4.148989927969585,3.4973018673373675,3.497301867337368,-1.2626789622871115,0.866,3.2594,0.0
409,409,Ba2Fe2O5,0185027,1,0.8429285026124086,10.936094030569194,9.218345365616193,9.218345365616193,-1.2626789622871115,0.866,2.9132,0.0
410,410,Ba2Fe2O5,0185027,1,0.8429285026124086,10.936094030569194,9.218345365616193,9.218345365616193,-1.2626789622871115,0.866,2.8167,0.0
411,411,Ba2Fe2O5,0185027,1,0.8429285026124086,10.936094030569194,9.218345365616193,9.218345365616193,-1.2626789622871115,0.866,2.8941,0.0
412,412,Ba2Fe2O5,0185027,1,0.8429285026124086,10.936094030569194,9.218345365616193,9.218345365616193,-1.2626789622871115,0.866,2.7269,0.0
416,416,Ba5Co5O14,0185107,1,0.5733200380670666,9.938299728569255,5.697826378705243,5.697826378705243,-1.2318970816502175,0.9572,1.5741,0.0
417,417,Ba5Co5O14,0185107,1,0.5733200380670666,3.1511956259696468,1.8066435962376912,1.8066435962376912,-1.2318970816502175,0.9572,1.7332,0.0
418,418,Ba2Mn1O3,0185165,1,0.6991231102946108,10.06874802146726,7.0392944335409,6.7835527582480015,-1.994603679653242,2.2354,5.6729,0.0
419,419,Ba2Mn1O3,0185165,1,0.6991231102946108,10.06874802146726,7.0392944335409,6.7835527582480015,-1.994603679653242,2.2354,5.4336,0.0
420,420,Ba2Mn1O3,0185165,1,0.6991231102946108,9.956839889035104,6.96105687192767,6.708157612911958,-1.994603679653242,2.2354,5.001,0.0
421,421,Ba2Mn1O3,0185165,1,0.6991231102946108,9.956839889035104,6.96105687192767,6.708157612911958,-1.994603679653242,2.2354,5.22,0.0
425,425,Ba3Fe1O5,0185205,1,0.3666898440784635,10.180656153899417,3.733143217689826,6.123204743000281,-2.8403280769497066,0.2794,0.975,0.0
429,429,Fe1Nb1O4,0188731,1,0.7430586933689936,11.006177897670842,8.17823616762999,8.17823616762999,-1.2626789622871115,1.5659,3.3297,0.0
430,430,Fe1Nb1O4,0188731,1,0.7430586933689936,11.639880975417718,8.649114748564495,8.649114748564495,-1.2626789622871115,1.5659,4.2238,0.0
431,431,Fe1Nb1O4,0188731,1,0.7430586933689936,11.639880975417718,8.649114748564495,8.649114748564495,-1.2626789622871115,1.5659,3.9641,0.0
432,432,Fe1Nb1O4,0188731,1,0.7430586933689936,6.857187969701256,5.095293132951796,5.095293132951796,-1.2626789622871115,1.5659,3.7609,0.0
433,433,Fe1O3Y1,0188787,1,0.794149988789006,10.196312184607176,8.097401207094993,8.097401207094993,-1.2626789622871115,1.9865,4.5761,0.0
434,434,Fe1O3Y1,0188787,1,0.794149988789006,13.219973312925967,10.498641658251117,10.49864165825112,-1.2626789622871115,1.9865,4.5451,0.0
437,437,La1Mn7O12,0193122,1,0.7787259944509279,8.837737291520272,6.882175761035174,6.988182397079456,-0.5156224113418986,0.2582,2.7992,0.0
438,438,La1Mn7O12,0193122,1,0.7787259944509279,5.892501669882789,4.588644222683228,4.659323431546896,-0.5156224113418986,0.2582,3.16,0.0
439,439,La1Mn7O12,0193122,1,0.7787259944509279,5.892501669882789,4.588644222683228,4.659323431546896,-0.5156224113418986,0.2582,2.8799,0.0
440,440,La1Mn7O12,0193122,1,0.7787259944509279,8.837737291520272,6.882175761035174,6.988182397079456,-0.5156224113418986,0.2582,2.9978,0.0
441,441,La2Ni1O4,0193359,1,0.8384217885687878,14.955714292236054,12.539196726220336,12.539196726220336,-1.242157708529182,2.1446,4.519,0.0
442,442,La2Ni1O4,0193359,1,0.8384217885687878,13.368328389392993,11.208297798409776,11.208297798409776,-1.242157708529182,2.1446,5.6407,0.0
443,443,Mn2O7Sr3,0193429,1,0.4881569150223415,4.506249340489085,2.199756776374613,3.498607783712896,-0.433744681701679,0.5149,1.7739,0.0
444,444,Mn2O7Sr3,0193429,1,0.4881569150223415,10.966164327102252,5.353208947546288,8.514022410511032,-0.433744681701679,0.5149,2.5349,0.0
445,445,Mn2O7Sr3,0193429,1,0.4881569150223415,4.506249340489085,2.199756776374613,3.498607783712896,-0.433744681701679,0.5149,1.8934,0.0
446,446,Mn1O4Sr2,0194281,1,0.9487698473556466,11.476681065975251,10.88872894311478,10.888728943114778,-0.433744681701679,0.6624,1.8799,0.0
447,447,Mn1O4Sr2,0194281,1,0.9487698473556466,10.966164327102252,10.40436605470174,10.404366054701738,-0.433744681701679,0.6624,2.6467,0.0
448,448,Nb2Ni1O6,0194560,1,0.826660487316497,11.152771914275986,9.219555865585129,9.219555865585129,-1.242157708529182,2.5517,5.2609,0.0
449,449,Nb2Ni1O6,0194560,1,0.826660487316497,7.957464811402584,6.578121738797938,6.578121738797938,-1.242157708529182,2.5517,5.0346,0.0
450,450,Nb2Ni1O6,0194560,1,0.826660487316497,14.348079017149388,11.86098999237232,11.86098999237232,-1.6041816447738562,2.5517,5.6619,0.0
451,451,Mn1Nb2O6,0194582,1,0.8302862770072916,11.150253904650674,9.257902802178425,9.257902802178425,-1.6041816447738562,2.4343,5.4219,0.0
452,452,Mn1Nb2O6,0194582,1,0.8302862770072916,7.952428792151958,6.602792495001442,6.602792495001442,-1.6041816447738562,2.4343,5.4229,0.0
453,453,Mn1Nb2O6,0194582,1,0.8302862770072916,14.348079017149388,11.913013109355404,11.913013109355404,-1.6041816447738562,2.4343,5.8447,0.0
454,454,Mn1O3Ti1,0194723,1,0.7985951098184427,9.781025945944736,7.811079489438774,7.811079489438774,-1.9122077365342869,2.3965,5.6107,0.0
455,455,Nb6O16Sr1,0195961,1,0.8538677767093922,9.565386011432926,8.167574886949353,8.167574886949353,-1.6041816447738562,1.9491,4.6238,0.0
456,456,Nb6O16Sr1,0195961,1,0.8538677767093922,11.307993942804467,9.655531646985724,9.655531646985724,-1.6041816447738562,1.9491,4.6596,0.0
457,457,Nb6O16Sr1,0195961,1,0.8538677767093922,9.565386011432926,8.167574886949353,8.167574886949353,-1.6041816447738562,1.9491,4.7454,0.0
458,458,Nb6O16Sr1,0195961,1,0.8538677767093922,9.565386011432926,8.167574886949353,8.167574886949353,-1.6041816447738562,1.9491,4.1013,0.0
459,459,Nb6O16Sr1,0195961,1,0.8538677767093922,14.348079017149388,12.25136233042403,12.25136233042403,-1.6041816447738562,1.9491,4.3269,0.0
460,460,Nb6O16Sr1,0195961,1,0.8538677767093922,13.05060187417601,11.143488407022096,11.143488407022096,-1.6041816447738562,1.9491,4.8533,0.0
461,461,Nb6O16Sr1,0195961,1,0.8538677767093922,14.348079017149388,12.25136233042403,12.25136233042403,-1.6041816447738562,1.9491,4.702,0.0
462,462,Nb6O16Sr1,0195961,1,0.8538677767093922,9.565386011432926,8.167574886949353,8.167574886949353,-1.6041816447738562,1.9491,4.6576,0.0
463,463,Nb6O16Sr1,0195961,1,0.8538677767093922,14.348079017149388,12.25136233042403,12.25136233042403,-1.6041816447738562,1.9491,4.9616,0.0
464,464,Nb6O16Sr1,0195961,1,0.8538677767093922,13.05060187417601,11.143488407022096,11.143488407022096,-1.6041816447738562,1.9491,5.0872,0.0
466,466,Ba1Ce1O3,0289614,1,0.8711940107876472,8.598851937366181,7.491268307483173,7.491268307483173,-1.974911567461291,2.4607,5.014,0.0
467,467,Ba1Ce1O3,0289614,1,0.8711940107876472,10.295627963016084,8.969489418677435,8.969489418677435,-1.974911567461291,2.4607,5.079,0.0
468,468,Ba1Mn1O3,0289618,1,0.5597448957297493,4.506249340489085,2.5223500672243144,3.2033712377745083,-0.433744681701679,2.3022,2.6893,0.0
469,469,Ba2O4Ti1,0289663,1,0.8608370433021273,8.39597315670433,7.227564707861383,7.227564707861383,-1.9122077365342869,4.1021,5.959,0.0
470,470,Ba2O4Ti1,0289663,1,0.8608370433021273,3.305645079754621,2.8456217366621925,2.8456217366621925,-1.9122077365342869,4.1021,6.0973,0.0
471,471,Ba2O4Ti1,0289663,1,0.8608370433021273,10.09274918235423,8.688212364927779,8.688212364927779,-1.9122077365342869,4.1021,6.0536,0.0
472,472,Ba2O4Ti1,0289663,1,0.8608370433021273,3.305645079754621,2.8456217366621925,2.8456217366621925,-1.9122077365342869,4.1021,6.0113,0.0
473,473,Ba5Nb4O15,0289691,1,0.5403223845839806,9.565386011432926,5.16839217916369,6.394608641904222,-1.6041816447738562,2.7029,5.8946,0.0
474,474,Ba5Nb4O15,0289691,1,0.5403223845839806,9.565386011432926,5.16839217916369,6.394608641904222,-1.6041816447738562,2.7029,5.7478,0.0
475,475,Ba5Nb4O15,0289691,1,0.5403223845839806,4.782693005716463,2.584196089581845,3.197304320952111,-1.6041816447738562,2.7029,5.0921,0.0
476,476,Ca1O3Ti1,0289774,1,0.8472710588883233,10.2847150771707,8.713941433799123,8.713941433799123,-1.9122077365342869,2.513,5.7061,0.0
477,477,Ca1O3Ti1,0289774,1,0.8472710588883233,12.12142753600143,10.270134743666013,10.270134743666013,-1.9122077365342869,2.513,5.7707,0.0
478,478,Ca2Nb2O7,0289796,1,0.7454283894135494,15.075523387925116,11.237723118627311,11.237723118627311,-1.6041816447738562,3.0187,5.8217,0.0
479,479,Ca2Nb2O7,0289796,1,0.7454283894135494,11.402098470263656,8.499447898623332,8.49944789862333,-1.6041816447738562,3.0187,5.4937,0.0
480,480,Ca2Nb2O7,0289796,1,0.7454283894135494,10.292830382208653,7.672567974316642,7.6725679743166415,-1.6041816447738562,3.0187,5.8376,0.0
481,481,Ca2Nb2O7,0289796,1,0.7454283894135494,11.402098470263656,8.499447898623332,8.49944789862333,-1.6041816447738562,3.0187,5.992,0.0
482,482,Ca2Nb2O7,0289796,1,0.7454283894135494,11.402098470263656,8.499447898623332,8.49944789862333,-1.6041816447738562,3.0187,5.8171,0.0
483,483,Ca2Nb2O7,0289796,1,0.7454283894135494,13.238810929094385,9.868585508625324,9.86858550862532,-1.6041816447738562,3.0187,5.8336,0.0
484,484,Ca2Nb2O7,0289796,1,0.7454283894135494,8.456117923377922,6.303430364314652,6.303430364314652,-1.6041816447738562,3.0187,5.0731,0.0
485,485,Ca2Nb2O7,0289796,1,0.7454283894135494,15.075523387925116,11.237723118627311,11.237723118627311,-1.6041816447738562,3.0187,5.868,0.0
486,486,Ca2Nb2O7,0289796,1,0.7454283894135494,11.402098470263656,8.499447898623332,8.49944789862333,-1.6041816447738562,3.0187,5.6139,0.0
487,487,Ca2Nb2O7,0289796,1,0.7454283894135494,10.292830382208653,7.672567974316642,7.6725679743166415,-1.6041816447738562,3.0187,5.4299,0.0
488,488,Ca2Nb2O7,0289796,1,0.7454283894135494,13.238810929094385,9.868585508625324,9.86858550862532,-1.6041816447738562,3.0187,5.9013,0.0
489,489,Ca2Nb2O7,0289796,1,0.7454283894135494,13.238810929094385,9.868585508625324,9.86858550862532,-1.6041816447738562,3.0187,5.63,0.0
490,490,Ca2Nb2O7,0289796,1,0.7454283894135494,13.238810929094385,9.868585508625324,9.86858550862532,-1.6041816447738562,3.0187,5.9201,0.0
491,491,Ca2Nb2O7,0289796,1,0.7454283894135494,10.292830382208653,7.672567974316642,7.6725679743166415,-1.6041816447738562,3.0187,5.5554,0.0
492,492,Al1Ce1O3,0289832,1,0.4991722485823199,5.3245677543906975,2.657876458688118,4.783138316223138,-2.8945619964631555,1.9449,6.424,0.0
493,493,Al1Ce1O3,0289832,1,0.4991722485823199,5.3245677543906975,2.657876458688118,4.783138316223138,-2.8945619964631555,1.9449,6.5135,0.0
494,494,Ce1O2,0289838,1,0.9826948007925091,10.41059977213275,10.230442269206534,10.230442269206534,-1.974911567461291,2.0527,3.5104,0.0
495,495,Ce2O3,0289862,1,0.4888117289861348,17.54628797680421,8.576831363230294,8.576831363230294,-3.108762658934736,1.4514,6.4062,0.0
496,496,Ce2O3,0289862,1,0.4888117289861348,11.697525317869472,5.717887575486863,5.717887575486863,-3.108762658934736,1.4514,6.6495,0.0
497,497,Al1La1O3,0289874,1,0.4860147756859624,5.3245677543906975,2.5878186027749037,4.675742306771074,-2.8945619964631555,3.9699,6.451,0.0
498,498,La1Mn1O3,0289876,1,0.7545158088255968,9.818805689863492,7.408444116788724,7.408444116788723,-0.5156224113418986,1.1781,3.9265,0.0277000000000002
499,499,La1Mn1O3,0289876,1,0.7545158088255968,12.764041311500977,9.630670954030489,9.630670954030489,-0.5156224113418986,1.1781,3.8986,0.0277000000000002
500,500,La1Nb1O4,0289885,1,0.8042844464920871,15.455857254707892,12.430905597163443,12.430905597163443,-1.6041816447738562,3.627,5.6119,0.0
501,501,La1Nb1O4,0289885,1,0.8042844464920871,10.67316424899143,8.584260000319205,8.584260000319205,-1.6041816447738562,3.627,5.884,0.0
502,502,La2O3,0289934,1,0.4665214876490167,17.6714137298249,8.24409422209917,8.24409422209917,-3.100471243274967,4.0199,6.3604,0.0274999999999998
503,503,La2O3,0289934,1,0.4665214876490167,11.780942486549932,5.49606281473278,5.496062814732779,-3.100471243274967,4.0199,6.7049,0.0274999999999998
504,504,Ce2La2O7,0289949,1,0.9225005501107696,11.09577112934134,10.235854970720585,10.235854970720585,-1.974911567461291,2.3069,4.4457,0.0
505,505,Ce2La2O7,0289949,1,0.9225005501107696,11.780942486549932,10.867925924665652,10.867925924665652,-3.100471243274967,2.3069,5.4163,0.0
506,506,Ce1Mg1O3,0289952,1,0.7943668518310538,8.653681411448536,6.8741976595612835,6.874197659561286,-1.974911567461291,2.1457,1.347,0.0
507,507,Ce1Mg1O3,0289952,1,0.7943668518310538,6.929490648757455,5.504557671446186,5.504557671446189,-1.974911567461291,2.1457,1.2091,0.0
508,508,Mg1O3Ti1,0290005,1,0.8663968363237198,10.059671684891402,8.715667722245215,8.715667722245213,-1.9122077365342869,3.5822,6.0449,0.0
509,509,Mg2O4Ti1,0290062,1,0.8428958111964552,10.059671684891402,8.47925512520655,8.479255125206551,-1.9122077365342869,2.7435,6.2145,0.0
510,510,Mg2O4Ti1,0290062,1,0.8428958111964552,8.478217367827863,7.146253905755141,7.146253905755142,-1.9122077365342869,2.7435,6.3815,0.0
511,511,Mg1O5Ti2,0290080,1,0.9359767946342148,8.335480922200322,7.801816715295708,7.801816715295708,-1.9122077365342869,2.8751,5.6623,0.0
512,512,Mg1O5Ti2,0290080,1,0.9359767946342148,11.641126001954945,10.8958238012428,10.8958238012428,-1.9122077365342869,2.8751,5.5099,0.0
513,513,Mg1O5Ti2,0290080,1,0.9359767946342148,10.059671684891402,9.415619258697228,9.415619258697228,-1.9122077365342869,2.8751,6.2716,0.0
514,514,Nb2O5,0290102,1,0.9068540347400528,9.565386011432926,8.674408898314008,8.674408898314008,-1.6041816447738562,2.6936,5.3318,0.0035000000000002
515,515,Nb2O5,0290102,1,0.9068540347400528,9.565386011432926,8.674408898314008,8.674408898314008,-1.6041816447738562,2.6936,4.7876,0.0035000000000002
516,516,Nb2O5,0290102,1,0.9068540347400528,14.348079017149388,13.011613347471013,13.011613347471013,-1.6041816447738562,2.6936,5.8008,0.0035000000000002
517,517,Nb2O5,0290125,1,0.9400559385445392,9.565386011432926,8.991997924518385,8.991997924518385,-1.6041816447738562,2.0917,5.8598,0.0
518,518,Nb2O5,0290125,1,0.9400559385445392,14.348079017149388,13.487996886777577,13.487996886777577,-1.6041816447738562,2.0917,5.3219,0.0
519,519,Nb2O5,0290125,1,0.9400559385445392,9.565386011432926,8.991997924518385,8.991997924518385,-1.6041816447738562,2.0917,4.3313,0.0
520,520,Ce1O3Sr1,0290130,1,0.8751052494470799,8.690515748809458,7.605115952185677,7.605115952185679,-1.974911567461291,2.512,5.1286,0.0
521,521,Ce1O3Sr1,0290130,1,0.8751052494470799,10.433123680181,9.13008130065703,9.130081300657032,-1.974911567461291,2.512,5.1089,0.0
522,522,O4Sr2Ti1,0290206,1,0.9100595605961226,13.58172188499541,12.360175850797663,12.360175850797663,-1.9122077365342869,2.0899,5.5107,0.0
523,523,O4Sr2Ti1,0290206,1,0.9100595605961226,12.01868473661233,10.937718950344744,10.937718950344742,-1.9122077365342869,2.0899,5.3384,0.0
524,524,Nb2O7Sr2,0290243,1,0.5347739306677435,9.565386011432926,5.115319075688235,6.82937273037379,-1.6041816447738562,2.6865,5.731,0.0
525,525,Nb2O7Sr2,0290243,1,0.5347739306677435,9.565386011432926,5.115319075688235,6.82937273037379,-1.6041816447738562,2.6865,5.4724,0.0
526,526,Nb2O7Sr2,0290243,1,0.5347739306677435,10.010516799831088,5.353363417061152,7.147181553154461,-1.6041816447738562,2.6865,5.5227,0.0
527,527,Nb2O7Sr2,0290243,1,0.5347739306677435,9.565386011432926,5.115319075688235,6.82937273037379,-1.6041816447738562,2.6865,5.8478,0.0
528,528,Nb2O7Sr2,0290243,1,0.5347739306677435,9.565386011432926,5.115319075688235,6.82937273037379,-1.6041816447738562,2.6865,5.6802,0.0
529,529,Nb2O7Sr2,0290243,1,0.5347739306677435,13.05060187417601,6.979121661832925,9.3177028556855,-1.6041816447738562,2.6865,5.6932,0.0
530,530,Nb2O7Sr2,0290243,1,0.5347739306677435,10.010516799831088,5.353363417061152,7.147181553154461,-1.6041816447738562,2.6865,5.2334,0.0
531,531,Nb2O7Sr2,0290243,1,0.5347739306677435,9.565386011432926,5.115319075688235,6.82937273037379,-1.6041816447738562,2.6865,5.7292,0.0
532,532,Nb2O7Sr2,0290243,1,0.5347739306677435,9.565386011432926,5.115319075688235,6.82937273037379,-1.6041816447738562,2.6865,5.4793,0.0
533,533,Nb2O7Sr2,0290243,1,0.5347739306677435,10.010516799831088,5.353363417061152,7.147181553154461,-1.6041816447738562,2.6865,5.5471,0.0
534,534,Nb2O7Sr2,0290243,1,0.5347739306677435,13.05060187417601,6.979121661832925,9.3177028556855,-1.6041816447738562,2.6865,5.8118,0.0
535,535,Nb2O7Sr2,0290243,1,0.5347739306677435,9.565386011432926,5.115319075688235,6.82937273037379,-1.6041816447738562,2.6865,5.5958,0.0
536,536,Nb2O7Sr2,0290243,1,0.5347739306677435,13.05060187417601,6.979121661832925,9.3177028556855,-1.6041816447738562,2.6865,5.6843,0.0
537,537,Nb2O7Sr2,0290243,1,0.5347739306677435,10.010516799831088,5.353363417061152,7.147181553154461,-1.6041816447738562,2.6865,5.7709,0.0
538,538,O3Y2,0290296,1,0.712969400314074,12.09464451327518,8.62311144564171,8.62311144564171,-3.290655589970924,3.7932,6.5735,0.0
539,539,Co1La2O4,icsd16404,1,0.8197876311831285,14.93213811251958,12.241182131761738,12.241182131761738,-1.2318970816502175,2.2134,4.9685,0.0
540,540,Co1La2O4,icsd16404,1,0.8197876311831285,13.356540299534757,10.949526532957591,10.949526532957591,-1.2318970816502175,2.2134,5.9606,0.0
541,541,Ba1La2O4,icsd427481,1,0.7072859839642507,12.229258916212254,8.64958342570677,8.64958342570677,-2.8403280769497066,3.2494,6.5252,0.0
542,542,Ba1La2O4,icsd427481,1,0.7072859839642507,12.229258916212254,8.64958342570677,8.64958342570677,-2.8403280769497066,3.2494,6.4588,0.0
543,543,Ba1La2O4,icsd427481,1,0.7072859839642507,12.229258916212254,8.64958342570677,8.64958342570677,-2.8403280769497066,3.2494,6.6203,0.0
544,544,Ba1La2O4,icsd427481,1,0.7072859839642507,12.229258916212254,8.64958342570677,8.64958342570677,-2.8403280769497066,3.2494,6.5091,0.0
545,545,Ba1Ce2O4,icsd427482,1,0.7238070561223052,12.16669603970191,8.806340443231548,8.806340443231548,-2.8403280769497066,0.71,6.8914,0.0
546,546,Ba1Ce2O4,icsd427482,1,0.7238070561223052,12.16669603970191,8.806340443231548,8.806340443231548,-2.8403280769497066,0.71,6.5518,0.0
547,547,Ba1Ce2O4,icsd427482,1,0.7238070561223052,12.16669603970191,8.806340443231548,8.806340443231548,-2.8403280769497066,0.71,6.6828,0.0
548,548,Ba1Ce2O4,icsd427482,1,0.7238070561223052,12.16669603970191,8.806340443231548,8.806340443231548,-2.8403280769497066,0.71,6.5635,0.0
